RA,FASE_NUM,TEMPO_PROGRAMA,DEFASAGEM_ANALISE,STATUS_DEFASAGEM_2024,IDA,IEG,IAA_MODELO,IPS,IPP,IPV,INDE_2024,PEDRA_2024,PROB_RISCO_2025,RANK_RISCO_2025,PERCENTIL_RISCO_2025,RANK_RISCO_FASE_2025,PERCENTIL_RISCO_FASE_2025,PRIORIDADE_2025,PERFIL_RADAR,RISCO_OCULTO,PONTO_CEGO,STATUS_MODELO
RA-672,1,3,-1,Com defasagem,0.0,3.95256917,7.918,6.26,6.041666667,4.496666667,4.2118138341,Quartzo,0.9892975116883758,1,100.0,1,100.0,Muito alta,Crítico persistente,False,False,Elegível
RA-798,2,2,-1,Com defasagem,4.75,3.5064935065,6.834,7.51,5.0,2.943333333,4.6743653679,Quartzo,0.9890162890774421,2,99.91,1,100.0,Muito alta,Crítico persistente,False,False,Elegível
RA-1071,2,1,-1,Com defasagem,4.5,4.188311688500001,8.002,7.51,4.166666667,2.996666667,4.8048623378,Quartzo,0.9890156393450883,3,99.81,2,99.46,Muito alta,Crítico persistente,False,False,Elegível
RA-484,3,2,0,Sem defasagem,0.0,3.9141382866666663,8.334,2.51,3.4375,3.1225,3.8354776573333336,Quartzo,0.9858457380985918,4,99.72,1,100.0,Muito alta,Risco oculto,True,False,Elegível
RA-995,1,1,-2,Com defasagem,2.0,5.3896103895,10.002,5.635,7.1875,4.25,5.110372077899999,Quartzo,0.9854891136213378,5,99.62,2,99.46,Muito alta,Crítico persistente,False,False,Elegível
RA-497,2,3,-2,Com defasagem,1.0,6.095238095,7.502,5.63,5.625,3.506666667,4.4960809524,Quartzo,0.9837360741226151,6,99.53,3,98.92,Muito alta,Crítico persistente,False,False,Elegível
RA-750,1,3,-2,Com defasagem,3.75,5.938735178,6.249,4.38,4.0625,3.176666667,4.542230369,Quartzo,0.9822950791257281,7,99.43,3,98.92,Muito alta,Crítico persistente,False,False,Elegível
RA-863,0,1,-1,Com defasagem,5.5,3.159090909,8.502,2.51,4.6875,4.333333333,4.6684348484,Quartzo,0.979660539957141,8,99.34,1,100.0,Muito alta,Crítico persistente,False,False,Elegível
RA-1507,2,0,-1,Com defasagem,5.0,4.448051948,6.918,7.51,4.583333333,3.776666667,5.046077056300001,Quartzo,0.9785026594477912,9,99.24,4,98.38,Muito alta,Crítico persistente,False,False,Elegível
RA-967,1,1,-1,Com defasagem,4.75,3.5714285715,9.502,7.51,5.78125,4.995,5.442610714300001,Quartzo,0.9780067980839402,10,99.15,4,98.38,Muito alta,Crítico persistente,False,False,Elegível
RA-558,3,2,-2,Com defasagem,3.0,3.7763975156666674,9.168,8.13,6.09375,4.268,5.048054503133334,Quartzo,0.9773767007108874,11,99.05,2,99.53,Muito alta,Crítico persistente,False,False,Elegível
RA-741,1,2,-1,Com defasagem,3.75,5.2964426875,8.418,5.005,5.833333333,4.223333333,5.0795885374,Quartzo,0.9766007400463605,12,98.96,5,97.84,Muito alta,Crítico persistente,False,False,Elegível
RA-947,0,1,-1,Com defasagem,4.5,7.619047619,9.002,7.51,5.625,4.58,6.053509523800001,Ágata,0.9761883863193491,13,98.86,2,99.49,Muito alta,Crítico persistente,False,False,Elegível
RA-911,1,1,-2,Com defasagem,4.5,4.772727273,8.002,7.51,6.041666667,4.726666667,5.4552454547,Quartzo,0.9753381193949776,14,98.77,6,97.3,Muito alta,Crítico persistente,False,False,Elegível
RA-1278,0,0,-1,Com defasagem,7.5,4.1666666665,9.002,3.76,5.0,4.173333333,5.444199999900001,Quartzo,0.9751207722487699,15,98.67,3,98.98,Muito alta,Crítico persistente,False,False,Elegível
RA-392,4,2,-1,Com defasagem,1.0,5.414731682,9.585,5.635,3.5,3.545,4.3639463364,Quartzo,0.9737178294965932,16,98.58,1,100.0,Muito alta,Crítico persistente,False,False,Elegível
RA-705,1,2,-1,Com defasagem,3.5,6.4285714285,9.002,5.005,5.625,4.226666667,5.294247619100001,Quartzo,0.9736301949447813,17,98.48,7,96.76,Muito alta,Crítico persistente,False,False,Elegível
RA-1302,0,0,0,Sem defasagem,4.0,5.416666667,10.002,2.51,6.25,4.996666667,5.758866666800001,Quartzo,0.9688051653842628,18,98.39,4,98.47,Muito alta,Risco oculto,True,False,Elegível
RA-608,2,2,0,Sem defasagem,4.25,3.054347826,9.002,6.885,7.1875,5.053333333,5.778986231800001,Quartzo,0.9679743279748573,19,98.29,5,97.84,Muito alta,Risco oculto,True,False,Elegível
RA-731,2,3,-1,Com defasagem,2.5,4.188311688500001,9.502,4.375,5.78125,4.835,4.7704873377000006,Quartzo,0.9659567535061807,20,98.2,6,97.3,Muito alta,Crítico persistente,False,False,Elegível
RA-1392,0,0,-1,Com defasagem,0.0,5.625,9.002,7.51,7.5,7.0,5.4262,Quartzo,0.965428405417946,21,98.1,5,97.96,Muito alta,Crítico persistente,False,False,Elegível
RA-1307,0,0,0,Sem defasagem,5.5,5.833333333500001,10.002,6.255,6.25,5.383333333,6.5940333333000005,Ágata,0.9647238251954209,22,98.01,6,97.45,Muito alta,Risco oculto,True,False,Elegível
RA-754,0,2,-2,Com defasagem,6.25,6.25,8.502,5.625,2.5,4.75,5.6127,Quartzo,0.9631596717924664,23,97.91,7,96.94,Muito alta,Crítico persistente,False,False,Elegível
RA-1338,0,0,-1,Com defasagem,3.0,8.6607142855,8.002,7.51,6.875,5.33,6.1368428571,Ágata,0.9628486566261704,24,97.82,8,96.43,Muito alta,Crítico persistente,False,False,Elegível
RA-1337,0,0,-2,Com defasagem,6.0,4.722222222,8.002,7.51,6.875,5.66,6.015144444400001,Ágata,0.9627379280248126,25,97.72,9,95.92,Muito alta,Crítico persistente,False,False,Elegível
RA-1384,0,0,-2,Com defasagem,5.0,7.5689223055,8.002,7.51,6.25,5.16,6.221984461100001,Ágata,0.9616423105620169,26,97.63,10,95.41,Muito alta,Crítico persistente,False,False,Elegível
RA-1426,1,1,-1,Com defasagem,2.75,5.845238095,9.502,7.51,7.5,5.8325,5.8367476190000005,Quartzo,0.9603277882578034,27,97.53,8,96.22,Muito alta,Crítico persistente,False,False,Elegível
RA-715,2,2,0,Sem defasagem,2.75,5.250626566499999,9.002,3.755,5.0,4.67,5.3098253133,Quartzo,0.9581548989500727,28,97.44,7,96.76,Muito alta,Risco oculto,True,False,Elegível
RA-559,3,3,0,Sem defasagem,3.1666666666666665,5.705128205,10.002,8.13,6.25,4.728,6.158158974333333,Ágata,0.9579393955949517,29,97.34,3,99.05,Muito alta,Risco oculto,True,False,Elegível
RA-555,3,3,-1,Com defasagem,4.333333333333333,2.750517598333333,10.002,6.885,5.0,5.03,5.111470186333333,Quartzo,0.9578475639425665,30,97.25,4,98.58,Muito alta,Crítico persistente,False,False,Elegível
RA-847,1,2,-1,Com defasagem,1.0,4.5454545455,9.002,5.01,7.5,6.245,5.009290909100001,Quartzo,0.9565558022955415,31,97.15,9,95.68,Muito alta,Crítico persistente,False,False,Elegível
RA-1286,0,0,0,Sem defasagem,7.0,5.051759834,8.002,2.51,5.3125,4.61,5.914801966800001,Quartzo,0.9564228292214224,32,97.06,11,94.9,Muito alta,Risco oculto,True,False,Elegível
RA-616,3,3,0,Sem defasagem,3.8333333333333335,3.087719298333333,7.5,6.885,6.458333333,4.946666667,5.457877193033333,Quartzo,0.9531909469427664,33,96.96,5,98.1,Muito alta,Risco oculto,True,False,Elegível
RA-1420,1,0,-2,Com defasagem,4.5,5.520833333500001,7.918,6.26,6.458333333,5.44,5.6558,Quartzo,0.9506391670347052,34,96.87,10,95.14,Muito alta,Crítico persistente,False,False,Elegível
RA-1108,3,1,0,Sem defasagem,3.6666666666666665,3.7546583853333337,9.168,8.13,7.1875,5.422,6.017215010400001,Ágata,0.9502153562132728,35,96.77,6,97.63,Muito alta,Risco oculto,True,False,Elegível
RA-369,3,2,0,Sem defasagem,1.6666666666666667,4.908119658333334,8.751,7.51,6.40625,5.428,5.667282265,Quartzo,0.949839957667761,36,96.68,7,97.16,Muito alta,Risco oculto,True,False,Elegível
RA-747,1,2,-2,Com defasagem,2.25,8.095238095,10.002,5.005,7.083333333,5.335,5.8450809523,Quartzo,0.947121473635235,37,96.58,11,94.59,Muito alta,Crítico persistente,False,False,Elegível
RA-965,0,1,-2,Com defasagem,2.25,6.4772727275,9.002,7.51,8.75,6.83,6.1376545455,Ágata,0.946359341764973,38,96.49,12,94.39,Muito alta,Crítico persistente,False,False,Elegível
RA-776,1,2,-1,Com defasagem,0.0,5.9523809525,7.917,5.63,8.333333333,6.5,5.178509523800001,Quartzo,0.9446297951524029,39,96.39,12,94.05,Muito alta,Crítico persistente,False,False,Elegível
RA-1458,2,0,-1,Com defasagem,3.25,7.280701754500001,8.751,7.51,6.041666667,5.213333333,5.879073684200001,Quartzo,0.9437401054364122,40,96.3,8,96.22,Muito alta,Crítico persistente,False,False,Elegível
RA-1013,0,1,-1,Com defasagem,7.75,5.693779904,9.002,2.51,5.0,4.72,5.7839559808,Quartzo,0.9437149902901615,41,96.2,13,93.88,Muito alta,Crítico persistente,False,False,Elegível
RA-836,1,2,-1,Com defasagem,2.75,6.439393939,9.502,7.51,7.34375,6.25,6.0234537878,Ágata,0.941764314693851,42,96.11,13,93.51,Muito alta,Crítico persistente,False,False,Elegível
RA-1530,3,0,0,Sem defasagem,2.833333333333333,2.5238095237666665,0.0,8.13,7.03125,5.258,4.6391535714200005,Quartzo,0.9407844757226427,43,96.02,8,96.68,Muito alta,Risco oculto,True,False,Elegível
RA-1055,1,1,-2,Com defasagem,5.5,5.7954545455,10.002,7.51,7.1875,5.87,6.403040909100001,Ágata,0.939369538628066,44,95.92,14,92.97,Muito alta,Crítico persistente,False,False,Elegível
RA-1308,0,0,-1,Com defasagem,6.0,7.445652174,10.002,7.51,7.5,5.933333333,6.876997101400001,Ágata,0.9387531110021772,45,95.83,14,93.37,Muito alta,Crítico persistente,False,False,Elegível
RA-1482,2,0,-1,Com defasagem,0.0,5.0,8.502,7.51,7.5,6.8725,5.2257,Quartzo,0.9377994201794962,46,95.73,9,95.68,Muito alta,Crítico persistente,False,False,Elegível
RA-1301,0,0,-1,Com defasagem,7.0,2.9166666665000003,9.502,2.51,7.5,6.0,5.6345333333,Quartzo,0.9372368370412749,47,95.64,15,92.86,Muito alta,Crítico persistente,False,False,Elegível
RA-716,1,2,-1,Com defasagem,5.75,5.5335968375,9.002,7.51,6.71875,5.7875,6.2372943675000005,Ágata,0.9367290706982664,48,95.54,15,92.43,Muito alta,Crítico persistente,False,False,Elegível
RA-841,2,2,-1,Com defasagem,3.25,6.3272311215000006,10.002,7.51,7.03125,5.83,6.035771224300001,Ágata,0.9331684015043004,49,95.45,10,95.14,Muito alta,Crítico persistente,False,False,Elegível
RA-1353,0,0,-1,Com defasagem,3.0,9.5,8.002,7.51,6.875,6.08,6.454700000000001,Ágata,0.9323555329239969,50,95.35,16,92.35,Muito alta,Crítico persistente,False,False,Elegível
RA-1146,3,1,-2,Com defasagem,2.0,5.017209691,10.002,6.88,6.25,5.883333333,5.3933086048000005,Quartzo,0.9321399466501079,51,95.26,9,96.21,Muito alta,Crítico persistente,False,False,Elegível
RA-620,3,3,0,Sem defasagem,2.5,3.984126984333333,8.334,7.51,7.083333333,5.886666667,5.766892063566667,Quartzo,0.9318436058052503,52,95.16,10,95.73,Muito alta,Risco oculto,True,False,Elegível
RA-919,0,1,-2,Com defasagem,5.25,4.692513369,7.002,6.255,6.875,6.49,5.799702673800001,Quartzo,0.9309462214952375,53,95.07,17,91.84,Muito alta,Crítico persistente,False,False,Elegível
RA-1147,3,1,-1,Com defasagem,3.1666666666666665,6.125925926,8.751,8.755,6.25,5.495,5.833118518533334,Quartzo,0.9308082060237243,54,94.97,11,95.26,Muito alta,Crítico persistente,False,False,Elegível
RA-568,3,3,-2,Com defasagem,5.166666666666667,3.2619047620000003,7.917,8.13,6.5625,5.496,5.545864285733334,Quartzo,0.9299181906942426,55,94.88,12,94.79,Muito alta,Crítico persistente,False,False,Elegível
RA-636,2,2,0,Sem defasagem,5.25,4.9043062200000005,8.002,7.51,6.875,5.553333333,6.3802279106,Ágata,0.9297317751408146,56,94.78,11,94.59,Muito alta,Risco oculto,True,False,Elegível
RA-1358,0,0,0,Sem defasagem,4.0,7.380952381,9.168,5.01,6.25,6.17,6.552990476200001,Ágata,0.9287780245154854,57,94.69,18,91.33,Muito alta,Risco oculto,True,False,Elegível
RA-1116,3,1,-1,Com defasagem,2.333333333333333,3.3555555556666667,0.0,6.26,5.125,5.066,3.7894777778,Quartzo,0.9287400942205079,58,94.59,13,94.31,Muito alta,Crítico persistente,False,False,Elegível
RA-1360,0,0,0,Sem defasagem,5.0,7.0018115945,8.502,7.51,5.625,6.42,6.8480623189,Ágata,0.9281669386992674,59,94.5,19,90.82,Muito alta,Risco oculto,True,False,Elegível
RA-851,1,2,-1,Com defasagem,6.0,7.3221343875,9.002,5.63,5.625,5.106666667,6.2114602109,Ágata,0.9264768736882479,60,94.4,16,91.89,Muito alta,Crítico persistente,False,False,Elegível
RA-665,2,2,-1,Com defasagem,4.75,5.068181818,8.334,5.63,7.5,5.443333333,5.698703030200001,Quartzo,0.9245853467339038,61,94.31,12,94.05,Muito alta,Crítico persistente,False,False,Elegível
RA-1564,4,0,-1,Com defasagem,2.1666666666666665,4.942067736333334,8.334,6.885,5.75,5.2875,5.0761468806000005,Quartzo,0.9243577874563297,62,94.21,2,99.13,Muito alta,Crítico persistente,False,False,Elegível
RA-1136,3,1,-1,Com defasagem,1.6666666666666667,4.547899159666667,8.751,8.135,7.5,6.383333333,5.458179831866667,Quartzo,0.9242478893565894,63,94.12,14,93.84,Muito alta,Crítico persistente,False,False,Elegível
RA-1446,1,0,0,Sem defasagem,0.0,6.6501976285,8.002,6.26,7.291666667,7.075,5.9004061924,Quartzo,0.9228939790321999,64,94.02,17,91.35,Muito alta,Risco oculto,True,False,Elegível
RA-762,2,2,-2,Com defasagem,3.75,6.4239130435,10.002,6.26,6.5625,5.7525,5.9677326087,Quartzo,0.9192669478488825,65,93.93,13,93.51,Muito alta,Crítico persistente,False,False,Elegível
RA-1095,3,1,0,Sem defasagem,2.333333333333333,7.84502924,7.5,7.51,5.46875,5.125,6.108547514666667,Ágata,0.9183612103097575,66,93.83,15,93.36,Muito alta,Risco oculto,True,False,Elegível
RA-1112,3,1,0,Sem defasagem,4.0,9.02791197,9.585,8.135,5.375,4.705,6.856082394,Ágata,0.9182622234310628,67,93.74,16,92.89,Muito alta,Risco oculto,True,False,Elegível
RA-546,3,3,0,Sem defasagem,4.666666666666667,3.783838383666666,5.832,8.135,5.15625,5.5,5.702426010066667,Quartzo,0.9181938503521567,68,93.64,17,92.42,Muito alta,Risco oculto,True,False,Elegível
RA-916,0,1,-2,Com defasagem,2.75,7.3320158105,8.502,2.51,6.5625,6.16,5.5058531621,Quartzo,0.9181102882698158,69,93.55,20,90.31,Muito alta,Crítico persistente,False,False,Elegível
RA-1097,3,1,-1,Com defasagem,3.0,4.849791144666667,10.002,6.25,6.041666667,5.88,5.475324895633334,Quartzo,0.9173148104733502,70,93.45,18,91.94,Muito alta,Crítico persistente,False,False,Elegível
RA-961,1,1,-1,Com defasagem,5.5,8.8923395445,9.002,6.26,5.9375,5.155,6.529417908900001,Ágata,0.9173027679624203,71,93.36,18,90.81,Muito alta,Crítico persistente,False,False,Elegível
RA-905,0,1,-2,Com defasagem,3.0,7.7794117645,9.002,7.51,6.875,6.99,6.3925823529,Ágata,0.9170461838359134,72,93.26,21,89.8,Muito alta,Crítico persistente,False,False,Elegível
RA-1130,3,1,0,Sem defasagem,4.333333333333333,6.278431372666667,8.751,8.13,6.875,5.33,6.563952941199999,Ágata,0.9170157980536316,73,93.17,19,91.47,Muito alta,Risco oculto,True,False,Elegível
RA-529,2,3,-1,Com defasagem,4.25,6.607142857,7.002,4.38,4.791666667,4.886666667,5.2661285715,Quartzo,0.91584846900111,74,93.07,14,92.97,Muito alta,Crítico persistente,False,False,Elegível
RA-1115,2,1,0,Sem defasagem,6.25,4.2676767675,8.002,7.51,7.5,5.826666667,6.570068686900001,Ágata,0.9154983763543791,75,92.98,15,92.43,Muito alta,Risco oculto,True,False,Elegível
RA-422,3,2,-1,Com defasagem,2.833333333333333,6.157407407333333,7.5,7.51,6.458333333,5.5,5.544981481433334,Quartzo,0.9149125142548346,76,92.88,20,91.0,Muito alta,Crítico persistente,False,False,Elegível
RA-1489,2,0,-1,Com defasagem,5.0,5.793478261000001,9.002,6.26,6.666666667,5.663333333,5.9842289855000015,Quartzo,0.9148356529432893,77,92.79,16,91.89,Muito alta,Crítico persistente,False,False,Elegível
RA-1079,3,1,0,Sem defasagem,6.333333333333333,4.516498316333333,7.5,2.51,4.21875,4.1625,5.4253413299333335,Quartzo,0.9135320463591629,78,92.69,21,90.52,Muito alta,Risco oculto,True,False,Elegível
RA-606,2,2,0,Sem defasagem,3.25,7.613636363499999,8.502,6.885,8.125,5.606666667,6.645260606100001,Ágata,0.9134923073614667,79,92.6,17,91.35,Muito alta,Risco oculto,True,False,Elegível
RA-1470,2,0,-1,Com defasagem,5.0,6.35610766,8.002,6.26,6.875,5.4125,5.967421532000001,Quartzo,0.9134841143212032,80,92.5,18,90.81,Muito alta,Crítico persistente,False,False,Elegível
RA-960,1,1,-1,Com defasagem,3.0,8.095238095,0.0,7.51,7.5,5.33,5.286047619,Quartzo,0.9125936844602471,81,92.41,19,90.27,Muito alta,Crítico persistente,False,False,Elegível
RA-774,0,2,-1,Com defasagem,3.75,6.3928571430000005,10.002,2.51,6.25,6.405,5.685771428600001,Quartzo,0.9125154274842802,82,92.31,22,89.29,Muito alta,Crítico persistente,False,False,Elegível
RA-1060,2,1,0,Sem defasagem,3.25,6.0,9.585,6.26,7.8125,6.163333333,6.448416666600001,Ágata,0.9113791718001144,83,92.22,19,90.27,Muito alta,Risco oculto,True,False,Elegível
RA-973,0,1,-2,Com defasagem,3.75,9.318181818,10.002,7.51,7.5,6.585,6.9318363636,Ágata,0.9110983086009992,84,92.13,23,88.78,Muito alta,Crítico persistente,False,False,Elegível
RA-1275,0,0,0,Sem defasagem,8.0,8.6666666665,10.002,6.26,5.625,5.446666667,7.611366666700001,Ametista,0.9109939546167239,85,92.03,24,88.27,Muito alta,Risco oculto,True,True,Elegível
RA-792,1,2,-1,Com defasagem,3.25,5.2865612650000005,8.502,7.51,8.125,7.075,6.036012253,Ágata,0.9095141198981707,86,91.94,20,89.73,Muito alta,Crítico persistente,False,False,Elegível
RA-1479,2,0,0,Sem defasagem,4.25,6.1965811965,8.502,7.51,7.1875,6.0325,6.615766239300001,Ágata,0.9093957154241459,87,91.84,20,89.73,Muito alta,Risco oculto,True,False,Elegível
RA-587,1,2,-2,Com defasagem,6.25,7.380952381,9.002,7.51,7.916666667,5.74,6.817057142900001,Ágata,0.9091238542239374,88,91.75,21,89.19,Muito alta,Crítico persistente,False,False,Elegível
RA-801,1,2,-1,Com defasagem,8.0,5.75,9.002,7.51,6.25,5.745,6.6752,Ágata,0.9088065038726206,89,91.65,22,88.65,Muito alta,Crítico persistente,False,False,Elegível
RA-1379,0,0,-1,Com defasagem,7.25,8.6842105265,9.502,3.755,5.9375,5.16,6.638292105300001,Ágata,0.908402250465632,90,91.56,25,87.76,Muito alta,Crítico persistente,False,False,Elegível
RA-1304,0,0,-2,Com defasagem,6.0,7.9575163395,9.002,8.135,7.8125,6.493333333,7.085119934500001,Ametista,0.9071943658251965,91,91.46,26,87.24,Muito alta,Crítico persistente,False,False,Elegível
RA-1423,1,0,-1,Com defasagem,5.75,5.3125,8.502,7.51,7.8125,6.5425,6.403450000000001,Ágata,0.9066953170632011,92,91.37,23,88.11,Muito alta,Crítico persistente,False,False,Elegível
RA-605,3,3,0,Sem defasagem,2.6666666666666665,6.194444444333333,7.5,6.885,7.0,5.534,6.0175222222,Ágata,0.9064580064824992,93,91.27,22,90.05,Muito alta,Risco oculto,True,False,Elegível
RA-897,0,1,-1,Com defasagem,6.0,2.7525252525,7.002,2.51,6.875,6.66,5.2212050505,Quartzo,0.9061907215873712,94,91.18,27,86.73,Muito alta,Crítico persistente,False,False,Elegível
RA-643,2,2,-1,Com defasagem,4.5,6.8660287085,9.002,7.51,8.125,5.826666667,6.402239075100001,Ágata,0.9048805992057403,95,91.08,21,89.19,Muito alta,Crítico persistente,False,False,Elegível
RA-638,2,3,0,Sem defasagem,5.0,5.7272727275,8.502,7.51,8.125,5.936666667,6.7464878789,Ágata,0.9037080907835752,96,90.99,22,88.65,Muito alta,Risco oculto,True,False,Elegível
RA-1425,1,0,-1,Com defasagem,7.0,6.7976190475,9.002,7.51,7.34375,5.92,6.8290988095000005,Ágata,0.9024022082527736,97,90.89,24,87.57,Muito alta,Crítico persistente,False,False,Elegível
RA-1015,2,1,0,Sem defasagem,4.0,7.8214285715,7.918,7.51,6.041666667,5.66,6.643252381000002,Ágata,0.9018321074390374,98,90.8,23,88.11,Muito alta,Risco oculto,True,False,Elegível
RA-1548,3,0,0,Sem defasagem,4.833333333333333,5.242165242,8.334,7.51,7.5,5.665,6.482499715066667,Ágata,0.9016449497273642,99,90.7,23,89.57,Muito alta,Risco oculto,True,False,Elegível
RA-1346,0,0,0,Sem defasagem,5.5,8.0595238095,9.502,7.51,6.25,6.66,7.3701047619,Ametista,0.9004417818902406,100,90.61,28,86.22,Muito alta,Risco oculto,True,True,Elegível
RA-971,0,1,-1,Com defasagem,6.75,7.909090909,7.418,7.51,7.5,6.085,6.8916181818,Ágata,0.9001818861907813,101,90.51,29,85.71,Muito alta,Crítico persistente,False,False,Elegível
RA-956,1,1,-1,Com defasagem,3.25,6.017786561,9.502,6.885,7.083333333,7.085,6.1175906455,Ágata,0.8998782873411325,102,90.42,25,87.03,Muito alta,Crítico persistente,False,False,Elegível
RA-1460,2,0,0,Sem defasagem,3.25,7.460526316,9.502,7.51,6.875,6.27,6.784805263200001,Ágata,0.8974443911428455,103,90.32,24,87.57,Muito alta,Risco oculto,True,False,Elegível
RA-681,1,2,-1,Com defasagem,2.5,7.840909091,9.502,6.26,5.625,6.665,6.0398818182000005,Ágata,0.8961273821044788,104,90.23,26,86.49,Muito alta,Crítico persistente,False,False,Elegível
RA-1518,3,2,-1,Com defasagem,1.75,5.714285714333333,7.084,9.38,7.65625,6.5825,5.721382142866666,Quartzo,0.8951521872490533,105,90.13,24,89.1,Muito alta,Crítico persistente,False,False,Elegível
RA-918,0,1,-1,Com defasagem,2.75,8.697368421,7.918,2.51,5.9375,6.156666667,5.657357017600001,Quartzo,0.8934445954976136,106,90.04,30,85.2,Muito alta,Crítico persistente,False,False,Elegível
RA-331,3,3,-1,Com defasagem,3.5,7.735353535333334,8.751,8.755,6.09375,5.62,6.231045707066668,Ágata,0.8920251464163784,107,89.94,25,88.63,Alta,Crítico persistente,False,False,Elegível
RA-908,0,1,-1,Com defasagem,4.75,8.14171123,8.502,7.51,7.1875,6.83,6.764292246,Ágata,0.8912245511047763,108,89.85,31,84.69,Alta,Crítico persistente,False,False,Elegível
RA-1493,2,0,-1,Com defasagem,4.0,7.8468899525,8.502,7.51,7.1875,5.946666667,6.378661323900001,Ágata,0.8911466719393293,109,89.75,25,87.03,Alta,Crítico persistente,False,False,Elegível
RA-752,2,2,-1,Com defasagem,5.75,7.525879916999999,9.502,7.51,5.9375,5.613333333,6.57279265,Ágata,0.8901791511265115,110,89.66,26,86.49,Alta,Crítico persistente,False,False,Elegível
RA-1031,1,1,-1,Com defasagem,6.25,8.6363636365,9.502,7.51,5.3125,5.83,6.8757227273,Ágata,0.8891894608554208,111,89.56,27,85.95,Alta,Crítico persistente,False,False,Elegível
RA-1550,3,0,-1,Com defasagem,4.333333333333333,5.222222222,9.585,7.51,7.03125,6.2025,6.064236111066667,Ágata,0.8864455753203327,112,89.47,26,88.15,Alta,Crítico persistente,False,False,Elegível
RA-1366,0,0,-1,Com defasagem,6.5,6.6032608695,9.002,7.51,7.5,6.99,6.919852173900001,Ágata,0.8859184299360888,113,89.37,32,84.18,Alta,Crítico persistente,False,False,Elegível
RA-1517,3,0,-1,Com defasagem,4.666666666666667,4.305555555666667,9.168,9.38,7.5,6.7075,6.240744444466667,Ágata,0.8846760876529508,114,89.28,27,87.68,Alta,Crítico persistente,False,False,Elegível
RA-1143,3,3,-3,Com defasagem,3.1666666666666665,5.201336675,9.585,9.38,7.03125,6.79,5.881225668333334,Quartzo,0.8830911286272801,115,89.18,28,87.2,Alta,Crítico persistente,False,False,Elegível
RA-1111,3,1,1,Sem defasagem,5.0,4.600414078666667,6.249,7.5,6.5625,5.824,6.116032815733334,Ágata,0.8826346244154731,116,89.09,29,86.73,Alta,Risco oculto,True,False,Elegível
RA-771,0,2,-1,Com defasagem,6.5,6.619047619,8.502,3.135,5.625,6.08,6.066009523800001,Ágata,0.8813805630571275,117,88.99,33,83.67,Alta,Crítico persistente,False,False,Elegível
RA-1339,0,0,-1,Com defasagem,8.75,10.0,8.502,6.885,5.0,5.33,7.3547,Ametista,0.8800199805119757,118,88.9,34,83.16,Alta,Crítico persistente,False,False,Elegível
RA-1342,0,0,-1,Com defasagem,9.0,9.761904762,9.502,7.51,7.5,5.575,7.8185809524,Ametista,0.8794278360738027,119,88.8,35,82.65,Alta,Crítico persistente,False,False,Elegível
RA-1524,3,0,-1,Com defasagem,4.0,2.777777777666667,7.917,7.51,7.65625,6.9175,5.5473805555333335,Quartzo,0.8784082823536061,120,88.71,30,86.26,Alta,Crítico persistente,False,False,Elegível
RA-1496,2,0,0,Sem defasagem,4.25,5.714285714500001,9.002,7.51,7.8125,6.773333333,6.7799738095,Ágata,0.8764334049823498,121,88.61,27,85.95,Alta,Risco oculto,True,False,Elegível
RA-1359,0,0,0,Sem defasagem,6.0,9.0,8.502,5.635,5.625,6.17,7.2102,Ametista,0.8762578810413749,122,88.52,36,82.14,Alta,Risco oculto,True,True,Elegível
RA-925,0,1,-1,Com defasagem,4.75,7.005347594,8.002,7.51,7.1875,7.33,6.587019518800001,Ágata,0.8759375929721488,123,88.43,37,81.63,Alta,Crítico persistente,False,False,Elegível
RA-862,0,1,-2,Com defasagem,7.5,8.6136363635,9.002,7.51,7.1875,6.27,7.346677272700001,Ametista,0.874677228627549,124,88.33,38,81.12,Alta,Crítico persistente,False,False,Elegível
RA-390,3,2,0,Sem defasagem,4.166666666666667,6.080701754333333,7.5,8.755,6.5625,6.08,6.5472236842,Ágata,0.8745697478502131,125,88.24,31,85.78,Alta,Risco oculto,True,False,Elegível
RA-1355,0,0,-1,Com defasagem,7.0,6.5227272725,10.002,7.51,8.125,7.17,7.202245454500001,Ametista,0.8742352854951597,126,88.14,39,80.61,Alta,Crítico persistente,False,False,Elegível
RA-949,0,1,-1,Com defasagem,6.5,8.7857142855,9.002,7.51,6.25,6.495,7.1323428571,Ametista,0.8741860313837246,127,88.05,40,80.1,Alta,Crítico persistente,False,False,Elegível
RA-1049,1,1,-1,Com defasagem,4.5,8.03030303,9.502,7.51,7.65625,6.745,6.821885606,Ágata,0.8707673516988446,128,87.95,28,85.41,Alta,Crítico persistente,False,False,Elegível
RA-626,3,3,0,Sem defasagem,5.333333333333333,3.380451127666667,9.585,6.885,7.291666667,6.443333333,6.407590225500001,Ágata,0.8705250083264661,129,87.86,32,85.31,Alta,Risco oculto,True,False,Elegível
RA-1551,3,0,-2,Com defasagem,3.5,4.771043771,9.585,7.51,7.5,6.79,5.9717087542,Quartzo,0.8704108925129355,130,87.76,33,84.83,Alta,Crítico persistente,False,False,Elegível
RA-514,2,2,0,Sem defasagem,3.0,7.595238095,9.002,4.385,5.625,5.996666667,6.219580952400001,Ágata,0.868804935974496,131,87.67,28,85.41,Alta,Risco oculto,True,False,Elegível
RA-656,3,3,0,Sem defasagem,4.166666666666667,5.978431372666667,9.168,7.51,7.5,6.106666667,6.668152941266667,Ágata,0.8686765498362423,132,87.57,34,84.36,Alta,Risco oculto,True,False,Elegível
RA-1540,3,0,-1,Com defasagem,2.6666666666666665,5.0,8.334,7.51,7.125,6.83,5.696233333333334,Quartzo,0.8683082375135023,133,87.48,35,83.89,Alta,Crítico persistente,False,False,Elegível
RA-1371,0,0,-1,Com defasagem,4.5,6.9782608695,7.502,7.51,6.875,7.5,6.4843521739,Ágata,0.8681922985202672,134,87.38,41,79.59,Alta,Crítico persistente,False,False,Elegível
RA-924,0,1,-1,Com defasagem,7.0,4.598930481,7.002,7.51,7.1875,7.415,6.4727360962,Ágata,0.8677722004579758,135,87.29,42,79.08,Alta,Crítico persistente,False,False,Elegível
RA-981,0,1,-1,Com defasagem,6.0,7.010869565,9.002,6.26,6.25,6.99,6.6513739130000005,Ágata,0.8677595547954702,136,87.19,43,78.57,Alta,Crítico persistente,False,False,Elegível
RA-1442,1,0,-2,Com defasagem,7.25,8.674948240500001,8.002,7.51,7.5,5.745,7.135189648100001,Ametista,0.8671665093823148,137,87.1,29,84.86,Alta,Crítico persistente,False,False,Elegível
RA-584,3,3,0,Sem defasagem,4.333333333333333,5.636363636333333,8.751,8.755,7.34375,6.37,6.752914393933334,Ágata,0.8669495135412489,138,87.0,36,83.41,Alta,Risco oculto,True,False,Elegível
RA-381,3,3,-2,Com defasagem,3.6666666666666665,6.133333333333333,8.334,7.51,6.71875,6.1225,5.940775,Quartzo,0.8669196236605583,139,86.91,37,82.94,Alta,Crítico persistente,False,False,Elegível
RA-1070,1,1,-1,Com defasagem,2.25,9.3073593075,9.002,5.635,6.875,6.6225,6.287171861500001,Ágata,0.8668290556818131,140,86.81,30,84.32,Alta,Crítico persistente,False,False,Elegível
RA-1483,2,0,0,Sem defasagem,6.5,7.913043478500001,9.502,7.51,5.78125,5.7475,7.311433695700001,Ametista,0.8659886326891927,141,86.72,29,84.86,Alta,Risco oculto,True,True,Elegível
RA-821,2,2,0,Sem defasagem,4.25,5.9166666665,8.502,7.51,6.666666667,6.713333333,6.643866666600001,Ágata,0.8659665931769606,142,86.62,30,84.32,Alta,Risco oculto,True,False,Elegível
RA-1546,3,0,0,Sem defasagem,4.666666666666667,6.374643874666667,8.334,8.75,7.5,6.17,6.900662108266667,Ágata,0.8658435459250864,143,86.53,38,82.46,Alta,Risco oculto,True,False,Elegível
RA-1321,0,0,0,Sem defasagem,8.75,8.875,9.002,6.885,6.5625,5.915,7.95295,Ametista,0.8655382147794474,144,86.43,44,78.06,Alta,Risco oculto,True,True,Elegível
RA-1318,0,0,-1,Com defasagem,5.0,7.6871657755,8.502,7.51,7.1875,7.33,6.823383155100001,Ágata,0.8645335030932539,145,86.34,45,77.55,Alta,Crítico persistente,False,False,Elegível
RA-1100,3,1,1,Sem defasagem,4.666666666666667,7.1000000000000005,7.5,7.51,6.71875,5.6175,6.649708333333334,Ágata,0.8634792104363963,146,86.24,39,81.99,Alta,Risco oculto,True,False,Elegível
RA-1435,1,0,0,Sem defasagem,7.5,7.833333333500001,9.502,7.51,7.1875,6.165,7.7196166667,Ametista,0.8618854819422284,147,86.15,31,83.78,Alta,Risco oculto,True,True,Elegível
RA-549,2,3,-1,Com defasagem,5.75,7.204968943999999,10.002,6.255,6.40625,5.9125,6.5398187888,Ágata,0.8602951115696325,148,86.05,31,83.78,Alta,Crítico persistente,False,False,Elegível
RA-1106,3,1,0,Sem defasagem,0.0,5.4312354313333335,8.334,7.51,7.65625,7.5,5.936272086266667,Quartzo,0.8588603808304226,149,85.96,40,81.52,Alta,Risco oculto,True,False,Elegível
RA-1521,3,0,-1,Com defasagem,3.1666666666666665,6.157902555,7.5,2.51,6.09375,5.4525,5.065788844333333,Quartzo,0.8585999338843693,150,85.86,41,81.04,Alta,Crítico persistente,False,False,Elegível
RA-1170,3,1,-2,Com defasagem,3.5,5.565079365,9.168,8.13,7.03125,6.7475,6.095440873,Ágata,0.8583581173830217,151,85.77,42,80.57,Alta,Crítico persistente,False,False,Elegível
RA-542,3,3,0,Sem defasagem,3.9333333333333336,6.481366459666667,8.751,8.13,7.03125,6.232,6.7205649586,Ágata,0.858267000989323,152,85.67,43,80.09,Alta,Risco oculto,True,False,Elegível
RA-1323,0,0,-1,Com defasagem,7.0,9.0833333335,10.002,7.51,6.875,6.66,7.487366666700001,Ametista,0.8577809128251692,153,85.58,46,77.04,Alta,Crítico persistente,False,False,Elegível
RA-1347,0,0,-1,Com defasagem,5.0,8.7857142855,8.502,2.51,5.625,6.165,6.153842857100001,Ágata,0.8573890719362527,154,85.48,47,76.53,Alta,Crítico persistente,False,False,Elegível
RA-1488,2,0,0,Sem defasagem,3.5,7.111801242,8.002,7.51,7.5,6.716666667,6.7668935818000016,Ágata,0.8573566898037367,155,85.39,32,83.24,Alta,Risco oculto,True,False,Elegível
RA-699,1,2,-1,Com defasagem,6.5,7.727272727000001,6.334,6.26,6.5625,5.833333333,6.427771212000001,Ágata,0.8567126289598149,156,85.29,32,83.24,Alta,Crítico persistente,False,False,Elegível
RA-1298,0,0,0,Sem defasagem,6.75,6.643356643500001,9.502,7.51,7.1875,7.393333333,7.577287995300001,Ametista,0.8556762530082459,157,85.2,48,76.02,Alta,Risco oculto,True,True,Elegível
RA-458,3,3,-1,Com defasagem,4.0,3.739682539666666,8.751,6.88,7.03125,6.83,5.680161507933333,Quartzo,0.8529497135833952,158,85.1,44,79.62,Alta,Crítico persistente,False,False,Elegível
RA-538,3,2,-1,Com defasagem,6.166666666666667,7.668803418666666,8.751,7.51,5.625,5.292,6.514094017066666,Ágata,0.852860653419631,159,85.01,45,79.15,Alta,Crítico persistente,False,False,Elegível
RA-1082,2,1,-1,Com defasagem,3.75,7.5714285715,7.502,10.0,7.083333333,6.943333333,6.6114857142,Ágata,0.8527617849154249,160,84.91,33,82.7,Alta,Crítico persistente,False,False,Elegível
RA-402,4,3,0,Sem defasagem,4.166666666666667,3.074074074,7.5,6.26,6.354166667,6.1175,5.683064814833333,Quartzo,0.8519806767821881,161,84.82,3,98.26,Muito alta,Risco oculto,True,False,Elegível
RA-1299,0,0,-2,Com defasagem,6.5,7.638888889,8.502,7.51,7.1875,7.11,7.069727777800001,Ametista,0.8515680865061276,162,84.72,49,75.51,Alta,Crítico persistente,False,False,Elegível
RA-1326,0,0,0,Sem defasagem,4.5,9.2916666665,9.002,7.51,7.8125,7.245,7.6397833333,Ametista,0.8503556134355394,163,84.63,50,75.0,Alta,Risco oculto,True,True,Elegível
RA-820,2,2,0,Sem defasagem,6.25,6.573529412,10.002,7.51,8.333333333,6.386666667,7.426572549100001,Ametista,0.848798038159979,164,84.54,34,82.16,Alta,Risco oculto,True,True,Elegível
RA-1594,4,0,-2,Com defasagem,3.0,6.112836439,9.585,6.26,6.25,5.996,5.731267287800001,Quartzo,0.847298896616,165,84.44,4,97.39,Muito alta,Crítico persistente,False,False,Elegível
RA-725,0,2,-1,Com defasagem,7.25,7.6710526315,7.502,7.51,7.5,6.773333333,7.0900771929,Ametista,0.845018291216475,166,84.35,51,74.49,Alta,Crítico persistente,False,False,Elegível
RA-1289,0,0,-1,Com defasagem,7.75,9.4444444445,7.002,7.51,5.9375,6.166666667,7.2171722223,Ametista,0.8447884145294805,167,84.25,52,73.98,Alta,Crítico persistente,False,False,Elegível
RA-631,3,2,0,Sem defasagem,4.166666666666667,7.212200435666666,8.334,8.75,5.625,6.245,6.795673420466667,Ágata,0.8444686183514608,168,84.16,46,78.67,Alta,Risco oculto,True,False,Elegível
RA-340,3,3,0,Sem defasagem,5.166666666666667,6.585769980666666,7.917,7.51,6.5625,5.83,6.715437329466668,Ágata,0.8443918781894745,169,84.06,47,78.2,Alta,Risco oculto,True,False,Elegível
RA-1494,2,0,0,Sem defasagem,4.25,6.7794117645,0.0,7.51,7.5,5.84,5.8748823529,Quartzo,0.8440935718844609,170,83.97,35,81.62,Alta,Risco oculto,True,False,Elegível
RA-756,0,2,-2,Com defasagem,5.5,8.75,10.002,7.51,8.125,7.24,7.361700000000001,Ametista,0.8437155210144994,171,83.87,53,73.47,Alta,Crítico persistente,False,False,Elegível
RA-1444,1,0,-1,Com defasagem,6.0,5.277777778,8.502,7.51,7.708333333,7.415,6.610588888900001,Ágata,0.8430675462325211,172,83.78,33,82.7,Alta,Crítico persistente,False,False,Elegível
RA-1329,0,0,0,Sem defasagem,6.5,10.0,9.502,7.51,6.5625,6.66,7.98945,Ametista,0.8425952368145091,173,83.68,54,72.96,Alta,Risco oculto,True,True,Elegível
RA-1341,0,0,-1,Com defasagem,10.0,9.246031746,10.002,7.51,5.625,6.0,7.862906349200001,Ametista,0.8425010719218881,174,83.59,55,72.45,Alta,Crítico persistente,False,False,Elegível
RA-1377,0,0,0,Sem defasagem,5.5,10.0,9.002,8.13,6.875,6.99,7.8987,Ametista,0.8422460215209782,175,83.49,56,71.94,Alta,Risco oculto,True,True,Elegível
RA-719,1,3,-1,Com defasagem,6.5,7.3484848485,10.002,7.51,7.5,6.7425,7.1193969697,Ametista,0.8419485305901466,176,83.4,34,82.16,Alta,Crítico persistente,False,False,Elegível
RA-989,1,1,0,Sem defasagem,6.0,7.857142856999999,9.502,6.26,7.1875,6.54,7.3743785714,Ametista,0.8407622432745723,177,83.3,35,81.62,Alta,Risco oculto,True,True,Elegível
RA-1497,2,0,0,Sem defasagem,2.0,5.0227272725,0.0,7.51,6.875,6.996666667,5.2423787879,Quartzo,0.8396072241892043,178,83.21,36,81.08,Alta,Risco oculto,True,False,Elegível
RA-1073,3,2,0,Sem defasagem,6.5,6.370972886666667,9.168,7.5,6.875,5.7875,7.0859945773333335,Ametista,0.8390376084414574,179,83.11,48,77.73,Alta,Risco oculto,True,True,Elegível
RA-1098,3,1,0,Sem defasagem,3.5,5.822406257,8.751,7.51,7.34375,6.7475,6.5744562514,Ágata,0.8387572136745229,180,83.02,49,77.25,Alta,Risco oculto,True,False,Elegível
RA-1477,2,0,0,Sem defasagem,5.0,8.010869565,8.002,7.51,6.40625,6.2875,7.0514989130000005,Ametista,0.8385579273782199,181,82.92,37,80.54,Alta,Risco oculto,True,True,Elegível
RA-1505,2,0,-1,Com defasagem,3.75,7.5252525255,9.502,7.51,8.75,6.943333333,6.7199171717,Ágata,0.8379033482510703,182,82.83,38,80.0,Alta,Crítico persistente,False,False,Elegível
RA-1356,0,0,0,Sem defasagem,5.5,9.4444444445,9.002,7.51,8.125,7.085,7.8695888889,Ametista,0.8376899378283311,183,82.73,57,71.43,Alta,Risco oculto,True,True,Elegível
RA-1331,0,0,0,Sem defasagem,7.25,7.291666666499999,9.002,7.51,8.4375,7.245,7.8522833333,Ametista,0.8366711827137424,184,82.64,58,70.92,Alta,Risco oculto,True,True,Elegível
RA-1354,0,0,-1,Com defasagem,6.0,8.3636363635,9.502,7.51,8.125,7.335,7.353427272700001,Ametista,0.8363018670556362,185,82.54,59,70.41,Alta,Crítico persistente,False,False,Elegível
RA-496,3,3,0,Sem defasagem,5.666666666666667,5.315995871999999,10.002,6.255,6.71875,6.1625,6.726607507733334,Ágata,0.8361620122329135,186,82.45,50,76.78,Alta,Risco oculto,True,False,Elegível
RA-474,3,3,-1,Com defasagem,3.0,5.818518518666667,9.168,7.51,7.1875,6.8725,6.024753703733333,Ágata,0.8360183731177178,187,82.35,51,76.3,Alta,Crítico persistente,False,False,Elegível
RA-1345,0,1,-1,Com defasagem,6.25,9.4590643275,8.502,7.51,6.25,6.83,7.2340128655,Ametista,0.8330390295401422,188,82.26,60,69.9,Alta,Crítico persistente,False,False,Elegível
RA-1515,2,0,-1,Com defasagem,3.5,6.6666666665,6.418,6.255,6.875,6.72,5.832133333300001,Quartzo,0.8324899154381734,189,82.16,39,79.46,Alta,Crítico persistente,False,False,Elegível
RA-1549,3,0,-2,Com defasagem,4.166666666666667,7.441394335666668,9.585,7.51,7.1875,6.325,6.514862200466668,Ágata,0.8320611082304391,190,82.07,52,75.83,Alta,Crítico persistente,False,False,Elegível
RA-773,0,2,-2,Com defasagem,5.0,8.75,10.002,2.51,7.5,6.575,6.566200000000001,Ágata,0.8310685193177989,191,81.97,61,69.39,Alta,Crítico persistente,False,False,Elegível
RA-1160,3,1,-1,Com defasagem,3.1666666666666665,8.201288245,8.751,7.51,6.25,6.2475,6.274190982333334,Ágata,0.8307059865161549,192,81.88,53,75.36,Alta,Crítico persistente,False,False,Elegível
RA-387,3,3,-1,Com defasagem,4.333333333333333,7.166666666666667,7.5,7.51,6.25,5.9975,6.125500000000001,Ágata,0.830531092530971,193,81.78,54,74.88,Alta,Crítico persistente,False,False,Elegível
RA-1129,3,1,0,Sem defasagem,6.833333333333333,7.137254902,9.168,8.13,6.875,5.745,7.360417647066668,Ametista,0.8300731147239018,194,81.69,55,74.41,Alta,Risco oculto,True,True,Elegível
RA-594,2,2,0,Sem defasagem,7.0,5.75,6.918,6.26,8.125,6.053333333,6.890966666600001,Ágata,0.8291780760485001,195,81.59,40,78.92,Alta,Risco oculto,True,False,Elegível
RA-1006,0,1,-1,Com defasagem,5.0,8.4444444445,8.502,7.51,7.5,7.5,7.040088888900001,Ametista,0.8289463405124237,196,81.5,62,68.88,Alta,Crítico persistente,False,False,Elegível
RA-1532,3,0,-1,Com defasagem,2.0,3.905723905333333,0.0,7.51,7.5,6.832,4.548544781066667,Quartzo,0.8287661121835583,197,81.4,56,73.93,Alta,Crítico persistente,False,False,Elegível
RA-972,0,1,-1,Com defasagem,6.75,8.3863636365,9.502,7.51,8.75,7.17,7.537472727300001,Ametista,0.8285715414061732,198,81.31,63,68.37,Alta,Crítico persistente,False,False,Elegível
RA-797,2,3,-1,Com defasagem,7.25,4.840909091,9.168,7.51,6.666666667,6.723333333,6.597315151500001,Ágata,0.8271202541610426,199,81.21,41,78.38,Alta,Crítico persistente,False,False,Elegível
RA-1362,0,0,0,Sem defasagem,8.5,6.875,10.002,5.635,6.875,6.915,7.709200000000001,Ametista,0.8257534204370477,200,81.12,64,67.86,Alta,Risco oculto,True,True,Elegível
RA-770,0,2,-1,Com defasagem,5.0,9.022556391,10.002,7.51,7.5,7.5,7.3057112782,Ametista,0.825749963955904,201,81.02,65,67.35,Alta,Crítico persistente,False,False,Elegível
RA-1357,0,0,-1,Com defasagem,6.75,7.5,8.002,7.51,8.125,7.335,7.1807,Ametista,0.824759084011208,202,80.93,66,66.84,Alta,Crítico persistente,False,False,Elegível
RA-806,1,2,-1,Com defasagem,6.75,6.9047619045,8.502,7.51,7.65625,6.875,6.972777380900001,Ágata,0.8239800325264206,203,80.83,36,81.08,Alta,Crítico persistente,False,False,Elegível
RA-286,5,2,-1,Com defasagem,3.1666666666666665,4.031862745000001,6.666,6.26,7.34375,5.7825,5.123180882333333,Quartzo,0.8232953756613198,204,80.74,1,100.0,Muito alta,Crítico persistente,False,False,Elegível
RA-712,2,3,-1,Com defasagem,6.75,5.983436853,7.502,5.625,6.5625,6.04,6.2236373706000006,Ágata,0.8215194518706567,205,80.65,42,77.84,Alta,Crítico persistente,False,False,Elegível
RA-454,4,3,-2,Com defasagem,3.6666666666666665,6.633138401666667,9.585,6.255,5.416666667,5.833333333,5.852294346966668,Quartzo,0.820843386763654,206,80.55,5,96.52,Muito alta,Crítico persistente,False,False,Elegível
RA-1099,3,1,0,Sem defasagem,3.8333333333333335,8.133333333333333,8.334,10.0,7.8125,6.6225,7.332483333333334,Ametista,0.820405953862093,207,80.46,57,73.46,Alta,Risco oculto,True,True,Elegível
RA-1087,3,1,0,Sem defasagem,2.6666666666666665,8.393265993333333,7.917,8.755,7.1875,6.58,6.913936532,Ágata,0.8200315349434925,208,80.36,58,72.99,Alta,Risco oculto,True,False,Elegível
RA-1372,0,0,0,Sem defasagem,4.75,10.0,9.502,8.13,7.5,7.5,7.9632,Ametista,0.8197809309408455,209,80.27,67,66.33,Alta,Risco oculto,True,True,Elegível
RA-760,3,3,0,Sem defasagem,5.0,7.090909091,9.168,7.51,6.25,6.158,6.942581818200001,Ágata,0.8192941318122461,210,80.17,59,72.51,Alta,Risco oculto,True,False,Elegível
RA-1141,3,1,0,Sem defasagem,4.166666666666667,6.191537667666666,9.585,7.51,6.5625,6.7825,6.793890866866667,Ágata,0.8187479373814676,211,80.08,60,72.04,Alta,Risco oculto,True,False,Elegível
RA-603,3,2,0,Sem defasagem,4.666666666666667,7.155555555666666,9.585,6.885,6.875,6.216666667,6.942277777866667,Ágata,0.8181208589686417,212,79.98,61,71.56,Alta,Risco oculto,True,False,Elegível
RA-1388,0,0,-1,Com defasagem,5.0,8.214285713999999,9.002,6.88,7.5,7.67,7.015057142799999,Ametista,0.8178486295059294,213,79.89,68,65.82,Alta,Crítico persistente,False,False,Elegível
RA-1319,0,0,-1,Com defasagem,8.5,5.7516339865,8.502,7.51,7.5,7.5,7.201526797300001,Ametista,0.8178346498870401,214,79.79,69,65.31,Alta,Crítico persistente,False,False,Elegível
RA-493,3,3,1,Sem defasagem,3.1666666666666665,8.933333333333334,10.002,10.0,7.03125,6.705,7.464325,Ametista,0.8177323915189034,215,79.7,62,71.09,Alta,Risco oculto,True,True,Elegível
RA-388,4,3,-1,Com defasagem,4.333333333333333,6.349206349,7.5,7.51,6.75,5.764,5.965307936466667,Quartzo,0.8176100672012496,216,79.6,6,95.65,Muito alta,Crítico persistente,False,False,Elegível
RA-1450,1,0,0,Sem defasagem,3.5,8.571428571,9.502,7.51,7.8125,7.5425,7.405235714200002,Ametista,0.8175053558628769,217,79.51,37,80.54,Alta,Risco oculto,True,True,Elegível
RA-262,4,3,-2,Com defasagem,4.166666666666667,4.854560643666667,7.917,7.51,7.0,6.296,5.806145462066667,Quartzo,0.8165511286300329,218,79.41,7,94.78,Muito alta,Crítico persistente,False,False,Elegível
RA-1416,1,0,-1,Com defasagem,7.75,8.2765151515,8.502,7.51,7.916666667,6.386666667,7.375503030400001,Ametista,0.8163287225544072,219,79.32,38,80.0,Alta,Crítico persistente,False,False,Elegível
RA-1542,3,0,-2,Com defasagem,3.1666666666666665,6.304873294333333,7.501,8.135,7.375,6.966,6.0886079922,Ágata,0.8159647961342722,220,79.22,63,70.62,Alta,Crítico persistente,False,False,Elegível
RA-1008,0,1,-1,Com defasagem,7.0,6.483957219,7.002,7.51,7.1875,7.5,6.8667414438000005,Ágata,0.8150632995318442,221,79.13,70,64.8,Alta,Crítico persistente,False,False,Elegível
RA-1374,0,0,-1,Com defasagem,5.25,9.347826087,9.502,7.51,7.5,7.5,7.3707652174,Ametista,0.8136607525744224,222,79.03,71,64.29,Alta,Crítico persistente,False,False,Elegível
RA-548,3,3,0,Sem defasagem,6.666666666666667,7.600427350666667,9.168,7.51,5.9375,5.626,7.240168803466668,Ametista,0.813643255234972,223,78.94,64,70.14,Alta,Risco oculto,True,True,Elegível
RA-709,1,2,-1,Com defasagem,6.0,7.994071146,7.418,7.51,6.875,6.773333333,6.833780895800001,Ágata,0.8110195155273366,224,78.84,39,79.46,Alta,Crítico persistente,False,False,Elegível
RA-115,5,3,-2,Com defasagem,4.166666666666667,4.164756812,7.917,6.26,6.75,5.726,5.404184695733334,Quartzo,0.8091889861008474,225,78.75,2,99.0,Muito alta,Crítico persistente,False,False,Elegível
RA-969,0,1,-1,Com defasagem,7.25,7.863636363499999,9.002,7.51,8.125,7.335,7.453427272700001,Ametista,0.8089511681360162,226,78.65,72,63.78,Alta,Crítico persistente,False,False,Elegível
RA-258,3,3,0,Sem defasagem,2.5,6.944444444333333,7.084,7.51,7.34375,6.732,6.429063888866667,Ágata,0.8089097344707903,227,78.56,65,69.67,Alta,Risco oculto,True,False,Elegível
RA-1043,1,1,-1,Com defasagem,8.25,7.994071146,10.002,7.51,7.291666667,6.553333333,7.539847562500002,Ametista,0.8076495432513405,228,78.46,40,78.92,Alta,Crítico persistente,False,False,Elegível
RA-408,3,2,0,Sem defasagem,4.833333333333333,4.981481481666667,7.5,7.51,7.083333333,6.776666667,6.5276296297,Ágata,0.8076296421892704,229,78.37,66,69.19,Alta,Risco oculto,True,False,Elegível
RA-434,3,2,0,Sem defasagem,5.5,5.061904762,7.084,7.51,7.291666667,6.55,6.610947619100001,Ágata,0.8053298653376302,230,78.27,67,68.72,Alta,Risco oculto,True,False,Elegível
RA-472,2,2,-1,Com defasagem,6.25,7.48447205,7.502,7.51,6.25,6.333333333,6.6397610766,Ágata,0.8032402491629055,231,78.18,43,77.3,Alta,Crítico persistente,False,False,Elegível
RA-1181,5,1,0,Sem defasagem,3.8333333333333335,5.036075036,9.168,6.26,7.125,5.862,6.2015816738666665,Ágata,0.8032097454009621,232,78.08,3,98.0,Muito alta,Risco oculto,True,False,Elegível
RA-1009,0,1,-1,Com defasagem,7.5,6.8863636365000005,8.002,2.51,6.5625,6.553333333,6.395389393900001,Ágata,0.8022887085301321,233,77.99,73,63.27,Alta,Crítico persistente,False,False,Elegível
RA-912,0,1,-2,Com defasagem,7.25,9.4736842105,9.002,7.51,8.125,6.943333333,7.697103508700001,Ametista,0.8020608497541668,234,77.89,74,62.76,Alta,Crítico persistente,False,False,Elegível
RA-547,3,3,0,Sem defasagem,6.833333333333333,7.030620028333334,8.751,8.135,5.625,5.932,7.210290672333333,Ametista,0.8019410016824787,235,77.8,68,68.25,Alta,Risco oculto,True,True,Elegível
RA-1292,0,0,-1,Com defasagem,8.25,4.7727272725,7.502,7.51,7.1875,7.893333333,6.9031621211,Ágata,0.801799365089441,236,77.7,75,62.24,Alta,Crítico persistente,False,False,Elegível
RA-1513,2,0,-1,Com defasagem,3.75,7.5252525255,8.502,7.51,7.5,7.223333333,6.5509171717,Ágata,0.8005292695137869,237,77.61,44,76.76,Alta,Crítico persistente,False,False,Elegível
RA-794,1,2,0,Sem defasagem,3.0,6.9047619045,9.502,7.51,8.125,8.255,7.145652380900001,Ametista,0.7985176543530822,238,77.51,41,78.38,Alta,Risco oculto,True,True,Elegível
RA-921,0,1,-1,Com defasagem,6.0,8.6631016045,8.502,7.51,7.5,7.5,7.2838203209,Ametista,0.7970349333574428,239,77.42,76,61.73,Alta,Crítico persistente,False,False,Elegível
RA-389,3,3,0,Sem defasagem,5.166666666666667,6.674358974333333,9.585,8.76,6.5625,6.745,7.2079551282,Ametista,0.7968065468526002,240,77.32,69,67.77,Alta,Risco oculto,True,True,Elegível
RA-991,1,1,-1,Com defasagem,6.5,8.181818182,9.002,6.26,7.5,6.723333333,7.057230303000001,Ametista,0.7966154569696958,241,77.23,42,77.84,Alta,Crítico persistente,False,False,Elegível
RA-871,1,1,0,Sem defasagem,7.25,9.328063241,8.502,4.38,5.3125,5.783333333,7.291729314799999,Ametista,0.7964243524192158,242,77.13,43,77.3,Alta,Risco oculto,True,True,Elegível
RA-977,0,1,-1,Com defasagem,7.0,7.291666666499999,10.002,6.26,6.875,7.58,7.188033333300001,Ametista,0.7954188950342936,243,77.04,77,61.22,Alta,Crítico persistente,False,False,Elegível
RA-1014,0,1,-1,Com defasagem,5.25,7.8863636365,8.502,2.51,6.875,7.0,6.315972727300001,Ágata,0.7947902716747549,244,76.94,78,60.71,Alta,Crítico persistente,False,False,Elegível
RA-1422,1,0,-1,Com defasagem,4.75,7.5,9.502,7.51,8.125,7.7475,7.0132,Ametista,0.7943371110583024,245,76.85,44,76.76,Alta,Crítico persistente,False,False,Elegível
RA-1421,1,0,-1,Com defasagem,7.5,6.777777778,9.002,7.51,6.875,7.163333333,7.126922222200001,Ametista,0.7940777880648247,246,76.76,45,76.22,Alta,Crítico persistente,False,False,Elegível
RA-1486,2,0,0,Sem defasagem,5.75,5.431372549,8.002,6.26,7.916666667,7.056666667,6.865474509900001,Ágata,0.7940130781613334,247,76.66,45,76.22,Alta,Risco oculto,True,False,Elegível
RA-1498,2,0,-1,Com defasagem,7.0,7.840909091,8.502,7.51,8.125,6.33,7.147881818200001,Ametista,0.7937822958567564,248,76.57,46,75.68,Alta,Crítico persistente,False,False,Elegível
RA-1054,2,1,-1,Com defasagem,6.25,7.3291925465,9.502,7.51,7.1875,6.75,6.985788509300001,Ágata,0.7936454230661848,249,76.47,47,75.14,Alta,Crítico persistente,False,False,Elegível
RA-639,3,3,0,Sem defasagem,3.8333333333333335,5.278195488666667,7.917,2.51,6.71875,6.1625,5.7693807644,Quartzo,0.792949672364628,250,76.38,70,67.3,Alta,Risco oculto,True,False,Elegível
RA-1478,2,0,0,Sem defasagem,4.25,6.666666667,8.002,6.255,6.875,7.1225,6.7210333334,Ágata,0.7919852661264086,251,76.28,48,74.59,Alta,Risco oculto,True,False,Elegível
RA-1516,3,0,0,Sem defasagem,4.666666666666667,5.404288499000001,9.585,9.38,7.96875,7.5475,7.217066033133334,Ametista,0.7912330460720814,252,76.19,71,66.82,Alta,Risco oculto,True,True,Elegível
RA-763,1,3,-1,Com defasagem,5.25,8.8636363635,9.002,6.26,7.708333333,6.825,6.984760606,Ágata,0.7911148325400414,253,76.09,46,75.68,Alta,Crítico persistente,False,False,Elegível
RA-444,3,3,-1,Com defasagem,3.6666666666666665,6.377276524666667,8.334,2.51,6.25,5.96,5.410188638266668,Quartzo,0.7909873770353885,254,76.0,72,66.35,Alta,Crítico persistente,False,False,Elegível
RA-1473,2,0,-1,Com defasagem,5.25,8.4368530025,9.502,5.625,6.5625,6.415,6.689320600500001,Ágata,0.7909492101369638,255,75.9,49,74.05,Alta,Crítico persistente,False,False,Elegível
RA-1365,0,0,-1,Com defasagem,6.5,9.7916666665,9.002,6.26,6.875,6.99,7.3700333333,Ametista,0.7887482630452459,256,75.81,79,60.2,Alta,Crítico persistente,False,False,Elegível
RA-414,3,3,0,Sem defasagem,6.0,8.429629629666666,7.917,7.51,6.25,5.67,7.187625925933334,Ametista,0.7883270061908024,257,75.71,73,65.88,Alta,Risco oculto,True,True,Elegível
RA-633,3,3,0,Sem defasagem,3.333333333333333,4.707017544,4.584,2.51,6.875,6.1175,5.228470175466667,Quartzo,0.7879308543100141,258,75.62,74,65.4,Alta,Risco oculto,True,False,Elegível
RA-649,3,3,0,Sem defasagem,3.6666666666666665,6.004481792666667,8.751,8.76,8.333333333,7.333333333,6.985329691766667,Ágata,0.7869997240015357,259,75.52,75,64.93,Alta,Risco oculto,True,False,Elegível
RA-669,3,2,0,Sem defasagem,5.333333333333333,4.851851851666666,7.5,7.51,7.291666667,6.883333333,6.6438703703,Ágata,0.7866917536046288,260,75.43,76,64.45,Alta,Risco oculto,True,False,Elegível
RA-1373,0,0,-1,Com defasagem,6.75,8.8804347825,9.502,7.51,7.5,7.5,7.577286956500001,Ametista,0.7864450981218398,261,75.33,80,59.69,Alta,Crítico persistente,False,False,Elegível
RA-352,4,3,1,Sem defasagem,3.1666666666666665,4.453748006333333,8.334,6.26,6.375,6.7925,5.9794829346,Quartzo,0.7859333337787583,262,75.24,8,93.91,Muito alta,Risco oculto,True,False,Elegível
RA-1547,3,0,-1,Com defasagem,6.666666666666667,6.467236467333334,7.917,8.13,7.5,6.335,6.748480626800001,Ágata,0.7851580691009389,263,75.14,77,63.98,Alta,Crítico persistente,False,False,Elegível
RA-878,1,1,-1,Com defasagem,6.75,6.1363636360000005,9.002,4.38,7.1875,6.996666667,6.5335560606000005,Ágata,0.7850136899340293,264,75.05,47,75.14,Alta,Crítico persistente,False,False,Elegível
RA-1504,2,0,-1,Com defasagem,6.75,4.6136363635,7.5,5.63,5.833333333,6.94,6.057060605999999,Ágata,0.7840085021006246,265,74.95,50,73.51,Moderada,Atenção atual,False,False,Elegível
RA-1461,2,0,-1,Com defasagem,2.75,9.273809524,10.002,7.51,7.5,7.33,6.871961904800001,Ágata,0.7832583600536525,266,74.86,51,72.97,Moderada,Atenção atual,False,False,Elegível
RA-304,3,3,-3,Com defasagem,7.166666666666667,7.826890756333333,10.002,7.51,6.875,5.825,6.852411484600001,Ágata,0.7828886365829418,267,74.76,78,63.51,Moderada,Atenção atual,False,False,Elegível
RA-1168,3,1,-1,Com defasagem,5.666666666666667,7.682352941333334,9.585,7.51,7.1875,6.33,6.864053921600001,Ágata,0.7805421528172283,268,74.67,79,63.03,Moderada,Atenção atual,False,False,Elegível
RA-1378,0,0,-1,Com defasagem,6.75,9.2857142855,9.002,8.13,7.5,7.5,7.6703428571,Ametista,0.780244320286648,269,74.57,81,59.18,Moderada,Atenção atual,False,False,Elegível
RA-951,0,1,-1,Com defasagem,4.0,9.0357142855,10.002,2.51,6.25,7.325,6.4483428571,Ágata,0.7793513809489998,270,74.48,82,58.67,Moderada,Atenção atual,False,False,Elegível
RA-1475,2,0,0,Sem defasagem,5.0,8.070175439,9.002,7.51,7.5,6.993333333,7.413901754400001,Ametista,0.7792165883176895,271,74.38,52,72.43,Moderada,Estável / menor prioridade,False,False,Elegível
RA-1364,0,0,-1,Com defasagem,8.75,8.4166666665,8.002,7.51,6.875,6.99,7.570033333300001,Ametista,0.7791746729681028,272,74.29,83,58.16,Moderada,Atenção atual,False,False,Elegível
RA-1118,3,1,0,Sem defasagem,3.8333333333333335,7.846439628666666,7.084,9.38,6.75,6.866,7.0305545924,Ametista,0.777007206394006,273,74.19,80,62.56,Moderada,Estável / menor prioridade,False,False,Elegível
RA-974,0,1,-1,Com defasagem,6.5,9.2826086955,9.502,7.51,7.5,7.5,7.6077217391,Ametista,0.7762864981906961,274,74.1,84,57.65,Moderada,Atenção atual,False,False,Elegível
RA-1481,2,0,-1,Com defasagem,4.75,8.782608695499999,8.502,7.51,6.875,6.8275,6.860721739100001,Ágata,0.7759489998803584,275,74.0,53,71.89,Moderada,Atenção atual,False,False,Elegível
RA-571,2,3,-1,Com defasagem,5.25,8.695652174,7.002,4.375,7.03125,5.8325,6.2964554348,Ágata,0.7741577110479625,276,73.91,54,71.35,Moderada,Atenção atual,False,False,Elegível
RA-1519,3,0,0,Sem defasagem,4.833333333333333,5.560902255666666,9.585,8.755,7.96875,7.5025,7.210222117800001,Ametista,0.7736111528298786,277,73.81,81,62.09,Moderada,Estável / menor prioridade,False,False,Elegível
RA-1228,7,3,0,Sem defasagem,0.0,0.0,8.751,7.51,7.5,7.5,4.8761,Quartzo,0.7723494930093556,278,73.72,1,100.0,Muito alta,Risco oculto,True,False,Elegível
RA-476,3,3,0,Sem defasagem,4.5,6.5964912280000005,7.917,7.51,6.25,6.745,6.7359982456,Ágata,0.7719563965834667,279,73.62,82,61.61,Moderada,Estável / menor prioridade,False,False,Elegível
RA-1316,0,0,-1,Com defasagem,7.75,8.20855615,9.002,7.51,7.5,7.5,7.59291123,Ametista,0.7718056986743618,280,73.53,85,57.14,Moderada,Atenção atual,False,False,Elegível
RA-982,1,1,0,Sem defasagem,8.25,8.365800865499999,10.002,7.51,6.875,6.79,8.119860173100001,Topázio,0.7713675927344121,281,73.43,48,74.59,Moderada,Estável / menor prioridade,False,False,Elegível
RA-867,0,1,-1,Com defasagem,8.5,7.409090909,9.002,7.51,7.5,7.5,7.583018181800001,Ametista,0.7699264247721469,282,73.34,86,56.63,Moderada,Atenção atual,False,False,Elegível
RA-854,1,2,0,Sem defasagem,7.0,10.0,9.502,6.26,5.833333333,6.333333333,7.826199999900001,Ametista,0.7695215246678853,283,73.24,49,74.05,Moderada,Estável / menor prioridade,False,False,Elegível
RA-382,4,3,-1,Com defasagem,3.0,6.324561403666666,9.168,5.63,6.75,6.43,5.805712280733333,Quartzo,0.7694314068972391,284,73.15,9,93.04,Muito alta,Crítico persistente,False,False,Elegível
RA-807,1,2,0,Sem defasagem,7.0,7.857142856999999,9.002,7.51,7.5,7.125,7.797628571400001,Ametista,0.76941363110351,285,73.06,50,73.51,Moderada,Estável / menor prioridade,False,False,Elegível
RA-1556,3,0,0,Sem defasagem,4.0,5.222222222333333,7.917,7.51,7.916666667,7.44,6.666811111166668,Ágata,0.7682053641251677,286,72.96,83,61.14,Moderada,Estável / menor prioridade,False,False,Elegível
RA-1311,0,0,0,Sem defasagem,0.0,9.166666667,9.002,2.51,7.5,8.386666667,6.4118666668,Ágata,0.7679464677956999,287,72.87,87,56.12,Moderada,Estável / menor prioridade,False,False,Elegível
RA-822,1,2,-2,Com defasagem,6.75,4.6245059285,0.0,5.01,6.666666667,6.61,5.2645678524,Quartzo,0.7674197156552289,288,72.77,51,72.97,Moderada,Atenção atual,False,False,Elegível
RA-909,0,1,-2,Com defasagem,8.25,8.1666666665,10.002,7.51,6.875,7.5,7.722033333300001,Ametista,0.7661696076582777,289,72.68,88,55.61,Moderada,Atenção atual,False,False,Elegível
RA-1227,7,3,0,Sem defasagem,0.0,0.0,8.751,7.195,7.5,7.5,4.8446,Quartzo,0.7656097453988046,290,72.58,2,97.3,Muito alta,Risco oculto,True,False,Elegível
RA-1459,2,0,-1,Com defasagem,3.75,8.2976190475,8.002,7.51,7.5,7.273333333,6.665390476100001,Ágata,0.7648623249459915,291,72.49,55,70.81,Moderada,Atenção atual,False,False,Elegível
RA-1139,3,1,1,Sem defasagem,4.666666666666667,6.152715121333333,8.334,7.51,7.5,7.04,6.906276357600001,Ágata,0.763560362295148,292,72.39,84,60.66,Moderada,Estável / menor prioridade,False,False,Elegível
RA-1327,0,0,0,Sem defasagem,7.5,9.3333333335,9.002,7.51,7.8125,7.325,8.264116666700001,Topázio,0.7626962148337878,293,72.3,89,55.1,Moderada,Estável / menor prioridade,False,False,Elegível
RA-1545,3,0,0,Sem defasagem,8.166666666666666,6.210826211,7.501,8.13,6.25,6.165,7.296598575533334,Ametista,0.7621588608049262,294,72.2,85,60.19,Moderada,Estável / menor prioridade,False,False,Elegível
RA-423,3,2,0,Sem defasagem,4.333333333333333,6.501135191,5.833,8.13,6.875,6.8275,6.616193704866666,Ágata,0.7614456561163842,295,72.11,86,59.72,Moderada,Estável / menor prioridade,False,False,Elegível
RA-1340,0,0,0,Sem defasagem,10.0,8.392857143,9.502,7.51,5.625,7.0,8.3422714286,Topázio,0.7608982815217112,296,72.01,90,54.59,Moderada,Estável / menor prioridade,False,False,Elegível
RA-1400,1,0,0,Sem defasagem,7.25,6.6501976285,8.418,7.51,7.5,7.5,7.622839525700001,Ametista,0.7608469564841561,297,71.92,52,72.43,Moderada,Estável / menor prioridade,False,False,Elegível
RA-1424,1,0,-1,Com defasagem,7.25,8.9444444445,9.002,7.51,7.8125,6.915,7.5543388889,Ametista,0.7604833338875293,298,71.82,53,71.89,Moderada,Atenção atual,False,False,Elegível
RA-1449,1,0,-1,Com defasagem,6.75,8.3333333335,7.418,7.51,7.96875,7.04,7.214341666700001,Ametista,0.7602884497519408,299,71.73,54,71.35,Moderada,Atenção atual,False,False,Elegível
RA-433,3,2,0,Sem defasagem,4.833333333333333,8.380952381,7.918,8.13,6.875,6.415,7.218157142866668,Ametista,0.7596748386353939,300,71.63,87,59.24,Moderada,Estável / menor prioridade,False,False,Elegível
RA-517,3,3,0,Sem defasagem,5.0,5.266499582333334,7.5,2.51,6.041666667,6.11,5.880466583166668,Quartzo,0.7592391222653566,301,71.54,88,58.77,Moderada,Estável / menor prioridade,False,False,Elegível
RA-577,2,2,-1,Com defasagem,8.0,5.7660455485,8.502,5.625,6.5625,6.535,6.629159109700001,Ágata,0.7578386043925891,302,71.44,56,70.27,Moderada,Atenção atual,False,False,Elegível
RA-1229,7,3,0,Sem defasagem,0.0,0.0,9.168,6.57,7.5,7.5,4.8238,Quartzo,0.7575855052781638,303,71.35,3,94.59,Muito alta,Risco oculto,True,False,Elegível
RA-455,3,2,0,Sem defasagem,4.5,6.111111111,8.751,8.13,8.333333333,7.276666667,7.098988888900001,Ametista,0.7566536187481101,304,71.25,89,58.29,Moderada,Estável / menor prioridade,False,False,Elegível
RA-704,1,2,-1,Com defasagem,6.5,8.646245059,7.502,5.635,6.458333333,6.616666667,6.8121156785000005,Ágata,0.7563520627764427,305,71.16,55,70.81,Moderada,Atenção atual,False,False,Elegível
RA-624,2,2,0,Sem defasagem,4.0,8.219461698,8.002,7.51,7.916666667,7.213333333,7.229425672900001,Ametista,0.7562173094662801,306,71.06,57,69.73,Moderada,Estável / menor prioridade,False,False,Elegível
RA-534,3,3,0,Sem defasagem,5.0,6.043441938333333,9.585,7.51,7.5,7.103333333,7.088855054266667,Ametista,0.7560030082852289,307,70.97,90,57.82,Moderada,Estável / menor prioridade,False,False,Elegível
RA-680,2,3,-1,Com defasagem,3.0,6.6428571430000005,0.0,5.635,6.666666667,6.606666667,4.9800714287000005,Quartzo,0.755114098039771,308,70.87,58,69.19,Moderada,Atenção atual,False,False,Elegível
RA-1107,3,1,0,Sem defasagem,2.5,6.2,8.751,2.51,7.5,6.785,5.9731,Quartzo,0.7548013853823651,309,70.78,91,57.35,Moderada,Estável / menor prioridade,False,False,Elegível
RA-1230,7,3,0,Sem defasagem,0.0,0.0,7.917,7.195,7.5,7.5,4.7612000000000005,Quartzo,0.754271122406457,310,70.68,4,91.89,Muito alta,Risco oculto,True,False,Elegível
RA-556,3,3,0,Sem defasagem,3.8333333333333335,6.171428571333333,7.083,2.51,6.40625,6.1625,5.833377380933333,Quartzo,0.7535537472462771,311,70.59,92,56.87,Moderada,Estável / menor prioridade,False,False,Elegível
RA-964,1,1,-1,Com defasagem,7.25,8.333333332999999,9.502,7.51,7.96875,7.1675,7.548241666600001,Ametista,0.752943536736868,312,70.49,56,70.27,Moderada,Atenção atual,False,False,Elegível
RA-1387,0,0,-1,Com defasagem,8.0,8.759398496,9.502,7.51,7.5,7.5,7.8030796992,Ametista,0.7526305812842503,313,70.4,91,54.08,Moderada,Atenção atual,False,False,Elegível
RA-153,7,3,2,Sem defasagem,0.0,0.0,8.751,6.5675,7.5,7.5,4.78185,Quartzo,0.7517757008612754,314,70.3,5,89.19,Alta,Risco oculto,True,False,Elegível
RA-246,7,2,2,Sem defasagem,0.0,0.0,8.334,6.57,7.5,7.5,4.7404,Quartzo,0.7513868381743635,315,70.21,6,86.49,Alta,Risco oculto,True,False,Elegível
RA-270,7,3,2,Sem defasagem,0.0,0.0,9.168,6.2575,7.5,7.5,4.79255,Quartzo,0.7506062037428494,316,70.11,7,83.78,Alta,Risco oculto,True,False,Elegível
RA-738,1,2,-1,Com defasagem,7.25,7.292490119,10.002,6.885,6.875,7.39,7.2626980238,Ametista,0.7494494507734653,317,70.02,57,69.73,Moderada,Atenção atual,False,False,Elegível
RA-790,2,2,-1,Com defasagem,6.75,6.811594203,7.502,7.51,7.1875,6.883333333,6.8089355072,Ágata,0.7490352247008676,318,69.92,59,68.65,Moderada,Atenção atual,False,False,Elegível
RA-149,5,2,-2,Com defasagem,3.8333333333333335,4.104378593666667,9.585,6.26,7.34375,6.626,5.7316173854,Quartzo,0.7486864281924674,319,69.83,4,97.0,Muito alta,Crítico persistente,False,False,Elegível
RA-1367,0,0,0,Sem defasagem,8.75,8.3804347825,10.002,7.51,7.5,7.5,8.427286956500001,Topázio,0.748624912976607,320,69.73,92,53.57,Moderada,Estável / menor prioridade,False,False,Elegível
RA-1363,0,0,0,Sem defasagem,6.5,10.0,7.418,5.635,6.875,6.99,7.690800000000001,Ametista,0.7476357400590272,321,69.64,93,53.06,Moderada,Estável / menor prioridade,False,False,Elegível
RA-1411,1,0,-1,Com defasagem,2.75,9.5,9.002,6.26,8.4375,7.835,6.886950000000001,Ágata,0.7471663290747245,322,69.54,58,69.19,Moderada,Atenção atual,False,False,Elegível
RA-1004,0,1,-1,Com defasagem,7.5,9.25,9.502,7.51,7.5,7.5,7.801200000000001,Ametista,0.7464349245791911,323,69.45,94,52.55,Moderada,Atenção atual,False,False,Elegível
RA-929,0,1,-1,Com defasagem,6.75,9.4736842105,9.002,7.51,8.125,7.58,7.7244368421,Ametista,0.7461911093070571,324,69.35,95,52.04,Moderada,Atenção atual,False,False,Elegível
RA-787,0,2,-1,Com defasagem,7.25,9.75,9.002,7.51,7.1875,7.325,7.73495,Ametista,0.745869674966129,325,69.26,96,51.53,Moderada,Atenção atual,False,False,Elegível
RA-604,3,3,1,Sem defasagem,7.0,7.502992776333333,8.334,8.13,6.40625,6.21,7.429623555266667,Ametista,0.7455277669577526,326,69.17,93,56.4,Moderada,Estável / menor prioridade,False,False,Elegível
RA-1077,3,1,0,Sem defasagem,2.0,7.703703703666666,0.0,6.885,6.40625,6.37,5.543865740733334,Quartzo,0.7454691399480463,327,69.07,94,55.92,Moderada,Estável / menor prioridade,False,False,Elegível
RA-1200,5,1,-1,Com defasagem,1.5,7.099419478000001,7.917,6.26,7.5,6.27,5.6415838956,Quartzo,0.745393898250741,328,68.98,5,96.0,Muito alta,Crítico persistente,False,False,Elegível
RA-1500,2,0,0,Sem defasagem,3.5,8.3333333335,9.502,6.885,8.4375,7.556666667,7.360450000100002,Ametista,0.7448707703085259,329,68.88,60,68.11,Moderada,Estável / menor prioridade,False,False,Elegível
RA-842,1,2,-1,Com defasagem,7.5,7.549407115,8.502,6.26,6.875,6.996666667,7.072914756400001,Ametista,0.7445899991470697,330,68.79,59,68.65,Moderada,Atenção atual,False,False,Elegível
RA-874,1,1,-1,Com defasagem,7.75,4.696969697,9.502,6.26,8.75,7.915,7.0235939394,Ametista,0.7437176235656828,331,68.69,60,68.11,Moderada,Atenção atual,False,False,Elegível
RA-667,3,3,0,Sem defasagem,4.666666666666667,7.038986354666666,9.168,7.51,7.75,6.966,7.177130604266668,Ametista,0.7431777774340952,332,68.6,95,55.45,Moderada,Estável / menor prioridade,False,False,Elegível
RA-1577,4,0,-1,Com defasagem,4.333333333333333,4.993386243333333,10.002,7.51,7.34375,7.273333333,6.305585581933334,Ágata,0.742236224526287,333,68.5,10,92.17,Muito alta,Crítico persistente,False,False,Elegível
RA-1613,5,0,-2,Com defasagem,3.0,7.1428571430000005,8.334,7.51,7.291666667,6.216666667,6.085471428700001,Ágata,0.741732438314641,334,68.41,6,95.0,Muito alta,Crítico persistente,False,False,Elegível
RA-470,4,3,0,Sem defasagem,3.333333333333333,8.011695906666667,9.585,7.51,7.03125,6.4975,6.981130848,Ágata,0.7417212850192422,335,68.31,11,91.3,Muito alta,Risco oculto,True,False,Elegível
RA-490,3,2,1,Sem defasagem,6.166666666666667,5.5110047846666665,9.168,8.755,7.8125,7.295,7.368084290266667,Ametista,0.7416484499367212,336,68.22,96,54.98,Moderada,Estável / menor prioridade,False,False,Elegível
RA-978,0,1,-1,Com defasagem,6.5,9.5,9.502,6.26,6.875,7.5,7.4637,Ametista,0.7415293725243745,337,68.12,97,51.02,Moderada,Atenção atual,False,False,Elegível
RA-464,3,2,-1,Com defasagem,4.333333333333333,7.851461988333334,9.168,8.76,7.1875,7.1175,6.872009064333334,Ágata,0.7414940097280052,338,68.03,97,54.5,Moderada,Atenção atual,False,False,Elegível
RA-966,0,1,-2,Com defasagem,9.0,8.568181818,9.502,7.51,8.125,7.335,7.9943363636,Ametista,0.7414838467239472,339,67.93,98,50.51,Moderada,Atenção atual,False,False,Elegível
RA-530,3,3,0,Sem defasagem,4.5,6.468838763666667,8.751,9.38,7.083333333,7.496666667,7.214534419433333,Ametista,0.7409101207648143,340,67.84,98,54.03,Moderada,Estável / menor prioridade,False,False,Elegível
RA-1417,1,0,-1,Com defasagem,9.0,9.337121212,9.002,7.51,6.25,6.5,7.7436242424,Ametista,0.7407977091189265,341,67.74,61,67.57,Moderada,Atenção atual,False,False,Elegível
RA-1407,1,0,-1,Com defasagem,5.75,9.318181818,10.002,7.51,7.8125,7.5,7.546086363600001,Ametista,0.739662814937292,342,67.65,62,67.03,Moderada,Atenção atual,False,False,Elegível
RA-1408,1,0,-1,Com defasagem,6.75,8.409090909,10.002,7.51,8.4375,7.5,7.626768181800001,Ametista,0.7387867813673409,343,67.55,63,66.49,Moderada,Atenção atual,False,False,Elegível
RA-713,2,3,0,Sem defasagem,6.75,7.525879916999999,8.002,7.51,7.03125,6.79,7.467500983400001,Ametista,0.7371558761279116,344,67.46,61,67.57,Moderada,Estável / menor prioridade,False,False,Elegível
RA-769,1,2,-1,Com defasagem,6.0,5.9523809525,10.002,7.51,7.916666667,8.33,7.099342857200002,Ametista,0.7367241713464546,345,67.36,64,65.95,Moderada,Atenção atual,False,False,Elegível
RA-768,1,3,-1,Com defasagem,5.5,7.9841897235,9.002,6.26,8.125,7.495,7.0345379447,Ametista,0.735406073361312,346,67.27,65,65.41,Moderada,Atenção atual,False,False,Elegível
RA-1448,1,0,-2,Com defasagem,6.0,9.5346320345,9.002,7.51,7.5,7.29,7.466126406900001,Ametista,0.7352668858926829,347,67.17,66,64.86,Moderada,Atenção atual,False,False,Elegível
RA-1386,0,0,-1,Com defasagem,7.25,9.761904762,9.002,7.51,7.5,7.5,7.803580952400001,Ametista,0.735034887489708,348,67.08,99,50.0,Moderada,Atenção atual,False,False,Elegível
RA-376,3,3,-1,Com defasagem,2.833333333333333,8.287284610666667,10.002,2.51,6.5625,6.325,5.896573588800001,Quartzo,0.7341824088194544,349,66.98,99,53.55,Moderada,Atenção atual,False,False,Elegível
RA-1514,2,0,0,Sem defasagem,5.5,7.979797980000001,9.002,7.51,7.1875,7.273333333,7.520576262600001,Ametista,0.7337668467770444,350,66.89,62,67.03,Moderada,Estável / menor prioridade,False,False,Elegível
RA-975,0,1,-1,Com defasagem,8.0,7.708333333500001,8.502,5.01,6.875,7.33,7.1463666667000005,Ametista,0.7327342434394158,351,66.79,100,49.49,Moderada,Atenção atual,False,False,Elegível
RA-700,1,2,-1,Com defasagem,5.25,9.564393939,8.502,5.635,7.291666667,7.0,7.005745454500001,Ametista,0.7326957763384159,352,66.7,67,64.32,Moderada,Atenção atual,False,False,Elegível
RA-979,0,1,-1,Com defasagem,8.25,9.5227272725,9.502,7.51,8.125,7.335,8.0352454545,Topázio,0.7324995842769028,353,66.6,101,48.98,Moderada,Atenção atual,False,False,Elegível
RA-1474,2,0,0,Sem defasagem,7.5,7.960662526,8.002,5.625,6.71875,6.2875,7.384207505200001,Ametista,0.7317685815506508,354,66.51,63,66.49,Moderada,Estável / menor prioridade,False,False,Elegível
RA-937,0,1,-1,Com defasagem,7.5,10.0,10.002,9.38,8.75,7.83,8.3792,Topázio,0.7300521449389802,355,66.41,102,48.47,Moderada,Atenção atual,False,False,Elegível
RA-944,0,1,-2,Com defasagem,9.0,7.25,9.002,7.51,8.75,7.75,7.8262,Ametista,0.7295375887105511,356,66.32,103,47.96,Moderada,Atenção atual,False,False,Elegível
RA-1480,2,0,-1,Com defasagem,5.5,8.875,8.502,7.51,7.1875,6.9975,7.09445,Ametista,0.7289150864024995,357,66.22,64,65.95,Moderada,Atenção atual,False,False,Elegível
RA-618,3,3,-2,Com defasagem,4.166666666666667,8.324074074,10.002,6.88,6.666666667,6.826666667,6.718348148233334,Ágata,0.7287763663618392,358,66.13,100,53.08,Moderada,Atenção atual,False,False,Elegível
RA-1370,0,0,-1,Com defasagem,9.0,8.722222222,10.002,7.51,7.5,7.5,8.0456444444,Topázio,0.7283614257419586,359,66.03,104,47.45,Moderada,Atenção atual,False,False,Elegível
RA-1607,5,0,-1,Com defasagem,0.0,6.222222222333333,5.833,5.635,6.5625,6.762,4.899894444466667,Quartzo,0.7259539034089548,360,65.94,7,94.0,Muito alta,Crítico persistente,False,False,Elegível
RA-880,0,1,-1,Com defasagem,6.5,8.445652174,9.502,2.51,7.1875,7.22,6.853080434800001,Ágata,0.725758135798913,361,65.84,105,46.94,Moderada,Atenção atual,False,False,Elegível
RA-1502,2,0,-1,Com defasagem,5.25,7.628205128,8.002,7.51,7.8125,7.39,6.886091025600001,Ágata,0.7254454867307039,362,65.75,65,65.41,Moderada,Atenção atual,False,False,Elegível
RA-528,3,3,0,Sem defasagem,6.666666666666667,5.793483709333334,9.168,7.51,7.291666667,6.936666667,7.276330075300001,Ametista,0.7246565350483768,363,65.65,101,52.61,Moderada,Estável / menor prioridade,False,False,Elegível
RA-1172,5,1,-1,Com defasagem,3.333333333333333,6.0634920633333325,7.5,6.26,7.25,6.196,5.719565079333334,Quartzo,0.7244994418568034,364,65.56,8,93.0,Muito alta,Crítico persistente,False,False,Elegível
RA-1418,1,0,-1,Com defasagem,8.25,9.128787879,8.502,7.51,7.916666667,6.833333333,7.7352909091000015,Ametista,0.7243402659556868,365,65.46,68,63.78,Moderada,Atenção atual,False,False,Elegível
RA-684,1,2,0,Sem defasagem,4.25,9.090909091,10.002,7.51,7.5,8.0,7.769381818200001,Ametista,0.7241302190023864,366,65.37,69,63.24,Moderada,Estável / menor prioridade,False,False,Elegível
RA-570,2,3,-1,Com defasagem,6.75,8.0020703935,8.002,5.625,7.1875,6.4075,6.8133640787,Ágata,0.7233721275429216,367,65.28,66,64.86,Moderada,Atenção atual,False,False,Elegível
RA-698,2,3,0,Sem defasagem,4.5,8.3214285715,9.002,6.88,7.291666667,7.273333333,7.3363190476,Ametista,0.7231077491314186,368,65.18,67,64.32,Moderada,Estável / menor prioridade,False,False,Elegível
RA-1455,2,0,-1,Com defasagem,3.5,7.777777778,8.002,7.51,7.708333333,7.833333333,6.6442555555,Ágata,0.7230897805170011,369,65.09,68,63.78,Moderada,Atenção atual,False,False,Elegível
RA-1320,0,0,-1,Com defasagem,8.25,9.1666666665,9.002,7.51,7.5,7.5,7.8845333333,Ametista,0.7228233333165481,370,64.99,106,46.43,Moderada,Atenção atual,False,False,Elegível
RA-980,1,1,0,Sem defasagem,6.25,9.058441558,9.002,7.51,7.5,7.4175,7.946388311600001,Ametista,0.7222766392502638,371,64.9,70,62.7,Moderada,Estável / menor prioridade,False,False,Elegível
RA-1312,0,0,-1,Com defasagem,6.5,8.333333333,10.002,7.51,6.25,8.336666667,7.510200000000001,Ametista,0.7210632620966093,372,64.8,107,45.92,Moderada,Atenção atual,False,False,Elegível
RA-623,3,2,-1,Com defasagem,4.0,7.399999999999999,8.334,6.885,6.458333333,7.05,6.357733333300001,Ágata,0.7207082778791304,373,64.71,102,52.13,Moderada,Atenção atual,False,False,Elegível
RA-1003,0,1,-1,Com defasagem,8.25,8.6944444445,8.002,7.51,6.875,7.5,7.627588888900001,Ametista,0.7193903488769581,374,64.61,108,45.41,Moderada,Atenção atual,False,False,Elegível
RA-1382,0,0,-1,Com defasagem,7.5,9.761904762,8.502,7.51,7.8125,7.5,7.834830952400001,Ametista,0.7191901599908523,375,64.52,109,44.9,Moderada,Atenção atual,False,False,Elegível
RA-710,2,3,-1,Com defasagem,6.75,8.170995671,9.168,5.625,7.65625,6.5375,7.0366241342,Ametista,0.7179729112869522,376,64.42,69,63.24,Moderada,Atenção atual,False,False,Elegível
RA-1451,1,0,-1,Com defasagem,6.0,8.8095238095,10.002,7.51,7.96875,7.7525,7.560479761900002,Ametista,0.7177626857542333,377,64.33,71,62.16,Moderada,Atenção atual,False,False,Elegível
RA-830,1,2,-1,Com defasagem,6.75,7.619047619,9.002,5.63,8.333333333,7.335,7.1373428571,Ametista,0.7172141917941609,378,64.23,72,61.62,Moderada,Atenção atual,False,False,Elegível
RA-1317,0,0,-1,Com defasagem,10.0,7.0721925135,7.502,7.51,7.5,7.5,7.665638502700001,Ametista,0.7172041756071498,379,64.14,110,44.39,Moderada,Atenção atual,False,False,Elegível
RA-663,2,2,-1,Com defasagem,6.5,7.0910973085,8.502,5.625,6.875,6.89,6.696419461700001,Ágata,0.7167347376006968,380,64.04,70,62.7,Moderada,Atenção atual,False,False,Elegível
RA-1277,0,0,0,Sem defasagem,8.0,9.0833333335,10.002,3.76,7.5,7.046666667,7.952200000100001,Ametista,0.7167290825812305,381,63.95,111,43.88,Moderada,Estável / menor prioridade,False,False,Elegível
RA-1076,3,3,0,Sem defasagem,6.333333333333333,7.777033492666668,8.334,8.125,7.03125,6.5425,7.479598365200001,Ametista,0.7162340079652251,382,63.85,103,51.66,Moderada,Estável / menor prioridade,False,False,Elegível
RA-939,1,1,-1,Com defasagem,5.0,8.8833992095,9.002,5.63,8.125,7.495,7.051379841899999,Ametista,0.7160351111310457,383,63.76,73,61.08,Moderada,Atenção atual,False,False,Elegível
RA-1313,0,0,0,Sem defasagem,6.25,8.125,9.502,7.51,7.5,8.446666667,8.0155333334,Topázio,0.7156405627946736,384,63.66,112,43.37,Moderada,Estável / menor prioridade,False,False,Elegível
RA-1606,5,0,-2,Com defasagem,2.5,5.148148148,8.334,7.51,7.8125,7.132,5.8216796296,Quartzo,0.715124298390928,385,63.57,9,92.0,Muito alta,Crítico persistente,False,False,Elegível
RA-876,1,1,0,Sem defasagem,3.75,9.0476190475,8.502,7.51,8.333333333,8.09,7.612057142800001,Ametista,0.7145624693940003,386,63.47,74,60.54,Moderada,Estável / menor prioridade,False,False,Elegível
RA-1137,3,1,1,Sem defasagem,3.5,7.588638262333333,8.334,8.13,8.28125,7.4575,7.183752652466668,Ametista,0.714540007929617,387,63.38,104,51.18,Moderada,Estável / menor prioridade,False,False,Elegível
RA-927,1,1,0,Sem defasagem,6.5,9.318181818,8.002,7.51,8.333333333,7.22,7.9921696969,Ametista,0.7144726129372355,388,63.28,75,60.0,Moderada,Estável / menor prioridade,False,False,Elegível
RA-1369,0,0,0,Sem defasagem,8.0,8.6304347825,8.502,6.26,7.5,7.5,8.052286956500001,Topázio,0.7132313718368858,389,63.19,113,42.86,Moderada,Estável / menor prioridade,False,False,Elegível
RA-658,3,2,1,Sem defasagem,3.6666666666666665,10.0,8.751,8.135,7.375,6.738,7.507033333333333,Ametista,0.7132053734191196,390,63.09,105,50.71,Moderada,Estável / menor prioridade,False,False,Elegível
RA-1471,2,0,-1,Com defasagem,7.5,7.195652174,10.002,7.51,7.65625,7.2425,7.404455434800001,Ametista,0.7130530361821921,391,63.0,71,62.16,Moderada,Atenção atual,False,False,Elegível
RA-1352,0,0,-1,Com defasagem,8.5,9.5,10.002,8.13,8.4375,7.665,8.289950000000001,Topázio,0.7107579697925537,392,62.9,114,42.35,Moderada,Atenção atual,False,False,Elegível
RA-368,3,3,-1,Com defasagem,7.0,6.166666666666667,7.917,7.51,7.65625,6.7025,6.782158333333333,Ágata,0.7107189172688941,393,62.81,106,50.24,Moderada,Atenção atual,False,False,Elegível
RA-994,0,1,-1,Com defasagem,8.25,9.5326086955,9.002,6.88,6.875,7.33,7.7982217391,Ametista,0.7100401544967605,394,62.71,115,41.84,Moderada,Atenção atual,False,False,Elegível
RA-1294,0,0,-2,Com defasagem,7.75,10.0,9.502,7.51,6.875,7.553333333,7.9493666666,Ametista,0.7099049382774765,395,62.62,116,41.33,Moderada,Atenção atual,False,False,Elegível
RA-805,1,3,-1,Com defasagem,6.0,9.523809524,8.502,4.38,7.03125,6.7075,6.9375869048,Ágata,0.7098426299010185,396,62.52,76,59.46,Moderada,Atenção atual,False,False,Elegível
RA-707,2,3,-1,Com defasagem,6.5,7.7236842105,7.917,4.375,6.40625,6.415,6.4975618421000005,Ágata,0.709503369611931,397,62.43,72,61.62,Moderada,Atenção atual,False,False,Elegível
RA-950,0,1,-1,Com defasagem,7.0,9.023809524,9.502,7.51,6.875,8.0,7.693461904800001,Ametista,0.7083312294431839,398,62.33,117,40.82,Moderada,Atenção atual,False,False,Elegível
RA-907,0,1,-1,Com defasagem,8.75,8.9444444445,9.002,7.51,7.5,7.5,7.9400888889,Ametista,0.7078884276960206,399,62.24,118,40.31,Moderada,Atenção atual,False,False,Elegível
RA-796,2,2,-1,Com defasagem,5.25,8.2212885155,8.502,7.51,7.916666667,7.326666667,7.052457703200001,Ametista,0.7075854406148527,400,62.14,73,61.08,Moderada,Atenção atual,False,False,Elegível
RA-664,2,2,0,Sem defasagem,5.75,6.7734553775,9.002,7.51,8.125,7.666666667,7.5017244089,Ametista,0.7074604651504407,401,62.05,74,60.54,Moderada,Estável / menor prioridade,False,False,Elegível
RA-1276,0,0,0,Sem defasagem,8.0,9.3333333335,10.002,3.76,7.5,7.05,8.002866666700001,Topázio,0.7069368677606064,402,61.95,119,39.8,Moderada,Estável / menor prioridade,False,False,Elegível
RA-1017,2,1,0,Sem defasagem,5.0,7.8095238095,9.502,6.26,7.1875,7.443333333,7.345521428500001,Ametista,0.7067582446101413,403,61.86,75,60.0,Moderada,Estável / menor prioridade,False,False,Elegível
RA-1443,1,0,-2,Com defasagem,6.75,7.5,6.918,6.26,7.708333333,7.415,6.921633333300001,Ágata,0.7066835889345635,404,61.76,77,58.92,Moderada,Atenção atual,False,False,Elegível
RA-938,0,1,-1,Com defasagem,7.75,9.5445134575,9.502,7.51,8.125,7.665,8.0056026915,Topázio,0.7064321002595684,405,61.67,120,39.29,Moderada,Atenção atual,False,False,Elegível
RA-597,2,2,0,Sem defasagem,6.0,9.3271221535,9.002,7.51,7.5,6.883333333,7.843291097300001,Ametista,0.7055991378017692,406,61.57,76,59.46,Moderada,Estável / menor prioridade,False,False,Elegível
RA-398,3,2,0,Sem defasagem,8.0,5.733333333333333,7.083,7.51,7.291666667,6.553333333,7.2457999999666685,Ametista,0.7045777413713241,407,61.48,107,49.76,Moderada,Estável / menor prioridade,False,False,Elegível
RA-267,5,3,-2,Com defasagem,2.0,8.285533910333333,10.002,6.26,4.583333333,6.273333333,5.896306781966668,Quartzo,0.7044236585990868,408,61.39,10,91.0,Muito alta,Crítico persistente,False,False,Elegível
RA-1569,4,0,-2,Com defasagem,2.1666666666666665,7.111111111333334,6.666,6.26,6.875,6.9175,5.7191555556,Quartzo,0.7043684654648922,409,61.29,12,90.43,Muito alta,Crítico persistente,False,False,Elegível
RA-508,3,2,1,Sem defasagem,4.666666666666667,5.567251461999999,7.083,7.51,7.65625,7.5,6.771708625733333,Ágata,0.7034578286003232,410,61.2,108,49.29,Moderada,Estável / menor prioridade,False,False,Elegível
RA-1314,0,0,0,Sem defasagem,9.0,8.541666667,7.418,7.51,7.5,7.443333333,8.239799999999999,Topázio,0.7032474874140062,411,61.1,121,38.78,Moderada,Estável / menor prioridade,False,False,Elegível
RA-1383,0,0,0,Sem defasagem,8.5,9.2606516295,8.502,7.51,7.1875,7.5,8.3720803259,Topázio,0.7029717660702569,412,61.01,122,38.27,Moderada,Estável / menor prioridade,False,False,Elegível
RA-946,0,1,-1,Com defasagem,4.5,8.7976190475,9.502,2.51,7.5,7.835,6.677723809500001,Ágata,0.7021601522129594,413,60.91,123,37.76,Moderada,Atenção atual,False,False,Elegível
RA-1447,1,0,-1,Com defasagem,5.25,9.7368421055,9.502,7.51,7.916666667,7.75,7.5402350878,Ametista,0.7018937438233498,414,60.82,78,58.38,Moderada,Atenção atual,False,False,Elegível
RA-1591,4,0,-2,Com defasagem,3.5,6.430976431,7.083,7.51,8.125,7.064,6.1707952862,Ágata,0.7012527503470218,415,60.72,13,89.57,Alta,Crítico persistente,False,False,Elegível
RA-466,3,2,-1,Com defasagem,4.0,7.223245614,8.751,8.76,7.5,7.665,6.778749122800001,Ágata,0.6995025233138853,416,60.63,109,48.82,Moderada,Atenção atual,False,False,Elegível
RA-1375,0,0,-1,Com defasagem,8.25,10.0,9.502,7.51,7.5,7.5,8.101200000000002,Topázio,0.6992495897003564,417,60.53,124,37.24,Moderada,Atenção atual,False,False,Elegível
RA-1485,2,0,-1,Com defasagem,5.0,7.7432712215,9.002,5.625,7.5,7.386666667,6.7386875777,Ágata,0.69906835776692,418,60.44,77,58.92,Moderada,Atenção atual,False,False,Elegível
RA-401,3,3,0,Sem defasagem,4.833333333333333,6.839473684333334,6.666,6.885,6.5625,6.915,6.728911403533334,Ágata,0.6987414299743886,419,60.34,110,48.34,Moderada,Estável / menor prioridade,False,False,Elegível
RA-1491,2,0,0,Sem defasagem,6.5,6.25,9.002,7.51,7.5,7.78,7.5072,Ametista,0.6975999159566612,420,60.25,78,58.38,Moderada,Estável / menor prioridade,False,False,Elegível
RA-1140,2,1,0,Sem defasagem,7.0,6.112440191499999,6.834,7.51,8.125,7.39,7.3473880383,Ametista,0.6972462289739999,421,60.15,79,57.84,Moderada,Estável / menor prioridade,False,False,Elegível
RA-930,0,1,-1,Com defasagem,8.0,9.7368421055,8.502,7.51,7.8125,7.5,7.9298184211,Ametista,0.6965906899144702,422,60.06,125,36.73,Moderada,Atenção atual,False,False,Elegível
RA-1351,0,0,-1,Com defasagem,8.75,9.230769231,9.002,8.13,8.4375,7.665,8.1861038462,Topázio,0.6965775207470333,423,59.96,126,36.22,Moderada,Atenção atual,False,False,Elegível
RA-1409,1,0,-1,Com defasagem,7.25,9.0909090905,10.002,7.51,8.4375,7.5,7.863131818100001,Ametista,0.6963674206786407,424,59.87,79,57.84,Moderada,Atenção atual,False,False,Elegível
RA-986,1,1,0,Sem defasagem,8.5,9.2965367965,10.002,6.26,7.083333333,6.8325,8.2603406926,Topázio,0.6955002739147531,425,59.77,80,57.3,Moderada,Estável / menor prioridade,False,False,Elegível
RA-652,2,2,0,Sem defasagem,5.5,6.931818182000001,8.002,7.51,7.916666667,7.663333333,7.361896969700001,Ametista,0.6951658075805076,426,59.68,80,57.3,Moderada,Estável / menor prioridade,False,False,Elegível
RA-607,2,2,0,Sem defasagem,7.0,7.4782608695,8.502,7.51,7.1875,7.165,7.6486021739,Ametista,0.6951125881042433,427,59.58,81,56.76,Moderada,Estável / menor prioridade,False,False,Elegível
RA-926,1,1,-1,Com defasagem,7.0,9.7727272725,9.002,7.51,8.333333333,7.22,7.7830787878,Ametista,0.6949992298363261,428,59.49,81,56.76,Moderada,Atenção atual,False,False,Elegível
RA-706,2,3,0,Sem defasagem,3.25,7.1428571430000005,0.0,6.26,7.65625,7.0,5.8701964286,Quartzo,0.693529658057412,429,59.39,82,56.22,Moderada,Estável / menor prioridade,False,False,Elegível
RA-1552,3,0,0,Sem defasagem,3.1666666666666665,9.743589743666666,9.585,7.51,7.1875,7.165,7.443301282066667,Ametista,0.6931644297409154,430,59.3,111,47.87,Moderada,Estável / menor prioridade,False,False,Elegível
RA-1393,0,0,0,Sem defasagem,5.0,7.5,9.502,3.755,7.5,8.42,7.2597,Ametista,0.6931165538698584,431,59.2,127,35.71,Moderada,Estável / menor prioridade,False,False,Elegível
RA-1506,2,0,0,Sem defasagem,3.5,8.3874458875,8.002,7.51,6.458333333,7.886666667,7.151855844200001,Ametista,0.6930860329095352,432,59.11,83,55.68,Moderada,Estável / menor prioridade,False,False,Elegível
RA-1457,2,0,-1,Com defasagem,2.75,8.0357142855,3.498,7.51,7.291666667,7.663333333,6.0197761904,Ágata,0.6928127947123243,433,59.01,84,55.14,Moderada,Atenção atual,False,False,Elegível
RA-236,4,2,0,Sem defasagem,4.5,7.890668700666666,9.168,6.26,6.875,6.362,6.980833740133334,Ágata,0.6924653324874447,434,58.92,14,88.7,Alta,Risco oculto,True,False,Elegível
RA-662,3,2,0,Sem defasagem,4.166666666666667,7.610722610666666,7.917,7.51,7.625,7.234,7.107477855466668,Ametista,0.6916785118550296,435,58.82,112,47.39,Moderada,Estável / menor prioridade,False,False,Elegível
RA-1089,3,1,0,Sem defasagem,6.833333333333333,7.039682539666667,9.168,8.13,7.1875,6.995,7.6221531746,Ametista,0.6914192510645537,436,58.73,113,46.92,Moderada,Estável / menor prioridade,False,False,Elegível
RA-1394,1,0,-1,Com defasagem,5.75,8.6944444445,9.502,7.51,8.125,8.003333333,7.503255555500002,Ametista,0.6899223801583794,437,58.63,82,56.22,Moderada,Atenção atual,False,False,Elegível
RA-591,2,3,-1,Com defasagem,7.5,7.913043478500001,7.418,6.255,5.78125,6.54,6.8360336957,Ágata,0.6894464055445592,438,58.54,85,54.59,Moderada,Atenção atual,False,False,Elegível
RA-1436,1,0,-1,Com defasagem,8.0,8.674948240500001,7.418,7.51,8.28125,7.17,7.589914648100001,Ametista,0.689118526354324,439,58.44,83,55.68,Moderada,Atenção atual,False,False,Elegível
RA-573,3,3,0,Sem defasagem,5.0,9.5,9.168,8.755,7.8125,6.8275,7.839050000000001,Ametista,0.6889021923754182,440,58.35,114,46.45,Moderada,Estável / menor prioridade,False,False,Elegível
RA-1509,2,0,0,Sem defasagem,7.5,6.5151515155,8.502,7.51,6.666666667,7.446666667,7.560230303200001,Ametista,0.6883493113495129,441,58.25,86,54.05,Moderada,Estável / menor prioridade,False,False,Elegível
RA-1520,3,0,-1,Com defasagem,3.75,9.060606060666666,8.334,8.75,7.65625,7.3325,7.0026462121333335,Ametista,0.687713128349802,442,58.16,115,45.97,Moderada,Atenção atual,False,False,Elegível
RA-802,2,3,0,Sem defasagem,8.75,7.012987013,7.502,7.51,8.333333333,6.723333333,7.831797402499999,Ametista,0.6876671211894981,443,58.06,87,53.51,Moderada,Estável / menor prioridade,False,False,Elegível
RA-920,0,1,-1,Com defasagem,8.25,7.6710526315,9.502,7.51,7.1875,8.226666667,7.7494938597,Ametista,0.6849337702960883,444,57.97,128,35.2,Moderada,Atenção atual,False,False,Elegível
RA-903,1,1,0,Sem defasagem,5.0,9.7727272725,10.002,7.505,7.8125,7.946666667,8.0758287879,Topázio,0.6845870051470009,445,57.87,84,55.14,Moderada,Estável / menor prioridade,False,False,Elegível
RA-1415,1,0,-1,Com defasagem,6.75,9.7727272725,8.002,6.26,7.291666667,7.056666667,7.3712454546,Ametista,0.6843793294754181,446,57.78,85,54.59,Moderada,Atenção atual,False,False,Elegível
RA-1332,0,0,-2,Com defasagem,8.25,9.411764706,8.502,7.51,9.375,7.665,8.1040529412,Topázio,0.6838005752256228,447,57.69,129,34.69,Moderada,Atenção atual,False,False,Elegível
RA-1117,3,1,1,Sem defasagem,5.666666666666667,8.314814814666667,8.751,7.51,8.125,6.833333333,7.601562962866668,Ametista,0.6835787214181254,448,57.59,116,45.5,Moderada,Estável / menor prioridade,False,False,Elegível
RA-491,2,2,-1,Com defasagem,5.25,9.011904762,7.502,7.51,7.083333333,7.166666667,6.995247619100001,Ágata,0.6828574806171562,449,57.5,88,52.97,Moderada,Atenção atual,False,False,Elegível
RA-910,1,1,0,Sem defasagem,7.5,8.674242424500001,8.502,7.51,7.916666667,7.443333333,8.1163818182,Topázio,0.6811625547487383,450,57.4,86,54.05,Moderada,Estável / menor prioridade,False,False,Elegível
RA-1490,2,0,-1,Com defasagem,7.75,9.5652173915,8.502,6.26,6.666666667,6.333333333,7.3725768116,Ametista,0.6797804500067304,451,57.31,89,52.43,Moderada,Atenção atual,False,False,Elegível
RA-1529,3,0,-1,Com defasagem,5.5,7.435897436,6.666,7.51,8.125,6.964,6.710079487200001,Ágata,0.6789601629461941,452,57.21,117,45.02,Moderada,Atenção atual,False,False,Elegível
RA-1544,3,0,-1,Com defasagem,5.833333333333333,8.674509804,8.334,6.885,6.625,6.598,6.905568627466667,Ágata,0.6788856419512833,453,57.12,118,44.55,Moderada,Atenção atual,False,False,Elegível
RA-1595,4,0,0,Sem defasagem,2.333333333333333,7.949735449666666,8.334,6.26,7.395833333,7.021666667,6.6599304233000005,Ágata,0.6780142953496747,454,57.02,15,87.83,Alta,Risco oculto,True,False,Elegível
RA-729,0,2,-1,Com defasagem,6.0,8.4166666665,8.002,2.51,7.5,7.5,6.684533333300001,Ágata,0.6780085221071182,455,56.93,130,34.18,Moderada,Atenção atual,False,False,Elegível
RA-1617,5,0,-1,Com defasagem,3.25,5.571428571333333,0.0,7.51,6.875,6.1175,4.926285714266666,Quartzo,0.6772542168145205,456,56.83,11,90.0,Muito alta,Crítico persistente,False,False,Elegível
RA-360,3,3,-1,Com defasagem,5.833333333333333,5.618045113,8.334,5.0,7.708333333,6.993333333,6.293175689166667,Ágata,0.6772326263396674,457,56.74,119,44.08,Moderada,Atenção atual,False,False,Elegível
RA-1063,2,1,-1,Com defasagem,7.75,9.75,5.25,7.51,7.8125,6.11,7.279250000000001,Ametista,0.677203842137638,458,56.64,90,51.89,Moderada,Atenção atual,False,False,Elegível
RA-306,5,3,-1,Com defasagem,2.833333333333333,7.699561403666666,7.917,7.51,7.34375,6.4125,6.1661539474,Ágata,0.6769420898847125,459,56.55,12,89.0,Alta,Crítico persistente,False,False,Elegível
RA-714,2,3,-1,Com defasagem,4.0,6.873706004,0.0,6.255,7.65625,6.9975,5.4653662008,Quartzo,0.6767687360873156,460,56.45,91,51.35,Moderada,Atenção atual,False,False,Elegível
RA-931,0,1,-1,Com defasagem,8.5,8.5833333335,7.918,2.51,7.5,6.83,7.075466666700001,Ametista,0.6765385248803039,461,56.36,131,33.67,Moderada,Atenção atual,False,False,Elegível
RA-1380,0,0,0,Sem defasagem,8.0,8.784461152999999,9.502,4.385,7.1875,7.5,7.964342230600001,Ametista,0.6751837124215563,462,56.26,132,33.16,Moderada,Estável / menor prioridade,False,False,Elegível
RA-923,1,1,0,Sem defasagem,5.5,7.9545454545,8.002,7.51,8.125,8.17,7.688609090900001,Ametista,0.6749307985298044,463,56.17,87,53.51,Moderada,Estável / menor prioridade,False,False,Elegível
RA-1322,0,0,0,Sem defasagem,7.5,9.0,9.502,7.51,8.4375,8.165,8.47795,Topázio,0.6747827323966197,464,56.07,133,32.65,Moderada,Estável / menor prioridade,False,False,Elegível
RA-858,0,2,-1,Com defasagem,8.25,6.833333333500001,9.002,2.51,7.5,7.5,6.917866666700001,Ágata,0.6736248620509165,465,55.98,134,32.14,Moderada,Atenção atual,False,False,Elegível
RA-1349,0,0,-1,Com defasagem,8.5,8.388888889,8.002,7.51,8.4375,7.915,7.855727777800001,Ametista,0.6723027093669822,466,55.88,135,31.63,Moderada,Atenção atual,False,False,Elegível
RA-749,0,2,-2,Com defasagem,8.75,9.7368421055,9.502,8.13,8.4375,7.665,8.3373184211,Topázio,0.6722959884418573,467,55.79,136,31.12,Moderada,Atenção atual,False,False,Elegível
RA-1069,2,1,0,Sem defasagem,6.25,7.0760869565,9.002,7.51,8.125,7.75,7.678917391300001,Ametista,0.672211958080214,468,55.69,92,50.81,Moderada,Estável / menor prioridade,False,False,Elegível
RA-1445,1,0,-1,Com defasagem,7.25,9.5,9.502,7.51,7.916666667,7.5,7.842866666700001,Ametista,0.6721992614060558,469,55.6,88,52.97,Moderada,Atenção atual,False,False,Elegível
RA-1562,4,0,-2,Com defasagem,0.5,8.666666666666666,6.25,5.01,6.25,6.8725,5.458833333333334,Quartzo,0.6716206986849219,470,55.5,16,86.96,Alta,Crítico persistente,False,False,Elegível
RA-1503,2,0,-1,Com defasagem,2.75,10.0,7.502,7.51,8.958333333,7.723333333,6.991699999900001,Ágata,0.6715206928002445,471,55.41,93,50.27,Moderada,Atenção atual,False,False,Elegível
RA-1543,3,0,-1,Com defasagem,5.0,8.076923077,7.5,7.51,7.25,7.066,6.754584615400001,Ágata,0.6713629381647034,472,55.31,120,43.6,Moderada,Atenção atual,False,False,Elegível
RA-1440,1,0,-1,Com defasagem,4.5,9.5445134575,9.002,7.51,8.75,8.17,7.469102691500001,Ametista,0.6713098952685914,473,55.22,89,52.43,Moderada,Atenção atual,False,False,Elegível
RA-483,2,3,-1,Com defasagem,5.25,5.6428571430000005,8.502,6.26,8.125,8.056666667,6.578604762,Ágata,0.6702543594190564,474,55.12,94,49.73,Moderada,Atenção atual,False,False,Elegível
RA-583,3,3,0,Sem defasagem,5.0,8.904455179666668,7.917,8.135,6.875,6.87,7.447591035933334,Ametista,0.6700986575568606,475,55.03,121,43.13,Moderada,Estável / menor prioridade,False,False,Elegível
RA-743,1,2,-1,Com defasagem,7.0,9.2727272725,9.002,7.51,7.5,7.5,7.655745454500001,Ametista,0.6698617287454355,476,54.93,90,51.89,Moderada,Atenção atual,False,False,Elegível
RA-1610,5,0,-2,Com defasagem,5.166666666666667,7.753697970666667,9.168,7.51,7.291666667,6.106666667,6.702372927566668,Ágata,0.6696528350753749,477,54.84,13,88.0,Alta,Crítico persistente,False,False,Elegível
RA-1381,0,0,0,Sem defasagem,9.5,10.0,9.502,8.13,8.75,7.5,9.038200000000002,Topázio,0.6693799351653347,478,54.74,137,30.61,Moderada,Estável / menor prioridade,False,False,Elegível
RA-690,1,2,-1,Com defasagem,6.25,8.409090909,7.918,7.51,8.4375,7.835,7.3853681818,Ametista,0.6678574297174998,479,54.65,91,51.35,Moderada,Atenção atual,False,False,Elegível
RA-581,2,3,-1,Com defasagem,8.75,8.198757764,7.418,5.625,6.5625,6.165,7.0833015528,Ametista,0.6672235451537472,480,54.55,95,49.19,Moderada,Atenção atual,False,False,Elegível
RA-1611,5,0,-2,Com defasagem,4.5,8.361426442,7.083,7.51,7.5,5.886666667,6.4589186218000005,Ágata,0.6669095309184485,481,54.46,14,87.0,Alta,Crítico persistente,False,False,Elegível
RA-868,0,1,-1,Com defasagem,7.0,9.75,8.002,3.76,6.875,7.213333333,7.156366666600001,Ametista,0.6666368930356283,482,54.36,138,30.1,Moderada,Atenção atual,False,False,Elegível
RA-959,0,1,-1,Com defasagem,9.5,9.7368421055,10.002,7.51,7.8125,7.5,8.379818421100001,Topázio,0.6653641386473199,483,54.27,139,29.59,Moderada,Atenção atual,False,False,Elegível
RA-1291,0,0,-1,Com defasagem,8.25,9.5,9.502,7.51,7.5,7.89,8.079200000000002,Topázio,0.6651288906753118,484,54.17,140,29.08,Moderada,Atenção atual,False,False,Elegível
RA-480,2,3,0,Sem defasagem,5.0,8.0714285715,6.25,7.51,7.8125,7.443333333,7.260202380900001,Ametista,0.66433661964832,485,54.08,96,48.65,Moderada,Estável / menor prioridade,False,False,Elegível
RA-904,0,1,-1,Com defasagem,6.0,8.75,9.502,7.51,7.5,8.67,7.6352,Ametista,0.6638230646155987,486,53.98,141,28.57,Moderada,Atenção atual,False,False,Elegível
RA-1410,1,0,-1,Com defasagem,6.25,8.1136363635,9.002,7.51,8.75,8.165,7.5319272727,Ametista,0.6637726318113721,487,53.89,92,50.81,Moderada,Atenção atual,False,False,Elegível
RA-499,2,3,0,Sem defasagem,4.75,9.0476190475,8.502,7.51,7.1875,7.5,7.5794738095,Ametista,0.663489098444835,488,53.8,97,48.11,Moderada,Estável / menor prioridade,False,False,Elegível
RA-303,4,3,-2,Com defasagem,5.666666666666667,3.9520467836666655,8.751,7.51,6.875,7.535,6.2443426900666665,Ágata,0.6624411574822904,489,53.7,17,86.09,Alta,Crítico persistente,False,False,Elegível
RA-789,1,2,0,Sem defasagem,5.25,9.047619048,9.002,7.51,9.166666667,8.085,8.0443904763,Topázio,0.6623491155574204,490,53.61,93,50.27,Moderada,Estável / menor prioridade,False,False,Elegível
RA-1350,0,0,-2,Com defasagem,8.5,10.0,8.502,8.755,8.4375,7.83,8.335450000000002,Topázio,0.6606262213752502,491,53.51,142,28.06,Moderada,Atenção atual,False,False,Elegível
RA-1535,3,0,0,Sem defasagem,5.833333333333333,5.103121516333333,8.751,7.51,7.125,7.9175,7.109390969933334,Ametista,0.6604144783392565,492,53.42,122,42.65,Moderada,Estável / menor prioridade,False,False,Elegível
RA-629,2,2,0,Sem defasagem,6.0,9.523809524,10.002,7.51,7.5,7.276666667,8.061295238200001,Topázio,0.6596880452965701,493,53.32,98,47.57,Moderada,Estável / menor prioridade,False,False,Elegível
RA-1335,0,0,-2,Com defasagem,8.75,9.75,9.002,7.51,9.375,7.665,8.3217,Topázio,0.6596281362033413,494,53.23,143,27.55,Moderada,Atenção atual,False,False,Elegível
RA-934,0,1,-1,Com defasagem,8.5,9.75,9.502,7.51,9.375,7.75,8.338700000000001,Topázio,0.658946601168339,495,53.13,144,27.04,Moderada,Atenção atual,False,False,Elegível
RA-1396,1,0,-1,Com defasagem,6.5,10.0,9.502,7.51,8.125,7.67,7.8477,Ametista,0.6561794671624717,496,53.04,94,49.73,Moderada,Atenção atual,False,False,Elegível
RA-1305,0,0,-1,Com defasagem,4.75,8.710526316,8.502,2.51,7.8125,8.053333333,6.685221929800001,Ágata,0.6560662691751495,497,52.94,145,26.53,Moderada,Atenção atual,False,False,Elegível
RA-1531,3,0,-1,Com defasagem,5.833333333333333,7.972686733666666,8.751,7.505,7.34375,7.14,7.0491790134,Ametista,0.6540315186178954,498,52.85,123,42.18,Moderada,Atenção atual,False,False,Elegível
RA-1464,2,0,-1,Com defasagem,6.25,7.794871795,8.002,7.51,9.0625,7.61,7.288424359,Ametista,0.6526037574419769,499,52.75,99,47.03,Moderada,Atenção atual,False,False,Elegível
RA-375,3,3,0,Sem defasagem,6.833333333333333,9.443589743666667,9.585,7.51,7.1875,6.432,7.970034615400001,Ametista,0.6516291988515082,500,52.66,124,41.71,Moderada,Estável / menor prioridade,False,False,Elegível
RA-645,2,2,0,Sem defasagem,5.25,8.3863636365,7.418,7.51,7.708333333,7.556666667,7.502239394,Ametista,0.6516019784016155,501,52.56,100,46.49,Moderada,Estável / menor prioridade,False,False,Elegível
RA-1309,0,0,0,Sem defasagem,7.5,9.1666666665,9.002,7.51,7.5,8.223333333,8.379199999899999,Topázio,0.6513589222375965,502,52.47,146,26.02,Moderada,Estável / menor prioridade,False,False,Elegível
RA-1501,2,0,0,Sem defasagem,5.0,10.0,9.502,7.51,8.4375,7.5,8.04495,Topázio,0.6509305871225729,503,52.37,101,45.95,Moderada,Estável / menor prioridade,False,False,Elegível
RA-1376,0,0,-1,Com defasagem,9.75,9.6153846155,9.002,7.51,7.5,7.5,8.2742769231,Topázio,0.6504483818746964,504,52.28,147,25.51,Moderada,Atenção atual,False,False,Elegível
RA-777,2,2,0,Sem defasagem,4.5,8.7757437075,8.002,7.51,8.125,7.723333333,7.563515408100001,Ametista,0.6502394349642072,505,52.18,102,45.41,Moderada,Estável / menor prioridade,False,False,Elegível
RA-1282,0,0,-1,Com defasagem,9.25,8.1136363635,9.502,6.26,7.5,7.89,7.8769272727000015,Ametista,0.6498128101865147,506,52.09,148,25.0,Moderada,Atenção atual,False,False,Elegível
RA-356,4,3,1,Sem defasagem,5.333333333333333,6.656346749333334,8.334,5.635,5.25,6.5375,6.627336016533334,Ágata,0.6494921721415415,507,51.99,18,85.22,Alta,Risco oculto,True,False,Elegível
RA-1039,2,1,-1,Com defasagem,7.25,9.722222222,8.002,7.51,7.5,6.77,7.549644444400001,Ametista,0.6491793493041594,508,51.9,103,44.86,Moderada,Atenção atual,False,False,Elegível
RA-1348,0,0,-1,Com defasagem,9.0,8.5913312695,7.502,7.51,8.75,7.83,7.9604662539,Ametista,0.6487190397044679,509,51.8,149,24.49,Moderada,Atenção atual,False,False,Elegível
RA-461,3,3,0,Sem defasagem,4.5,9.182446312,8.751,7.51,7.708333333,7.056666667,7.5447559291,Ametista,0.6481585071679669,510,51.71,125,41.23,Moderada,Estável / menor prioridade,False,False,Elegível
RA-1029,1,1,-1,Com defasagem,8.75,8.7954545455,9.002,6.885,7.5,7.25,7.797790909100001,Ametista,0.6477738813427382,511,51.61,95,49.19,Moderada,Atenção atual,False,False,Elegível
RA-953,1,1,0,Sem defasagem,8.5,6.85770751,9.002,6.26,8.125,7.755,7.961241502000001,Ametista,0.6475055440837126,512,51.52,96,48.65,Moderada,Estável / menor prioridade,False,False,Elegível
RA-945,0,1,-1,Com defasagem,8.75,9.511904762,9.002,2.51,7.5,6.83,7.4195809524,Ametista,0.6471816070257401,513,51.42,150,23.98,Moderada,Atenção atual,False,False,Elegível
RA-1528,3,0,0,Sem defasagem,5.666666666666667,7.787878788,9.168,7.51,7.96875,7.335,7.622584090933335,Ametista,0.647085606662893,514,51.33,126,40.76,Moderada,Estável / menor prioridade,False,False,Elegível
RA-469,3,2,0,Sem defasagem,5.0,9.498366013,9.168,7.51,7.291666667,6.94,7.684639869300001,Ametista,0.6461789667291007,515,51.23,127,40.28,Moderada,Estável / menor prioridade,False,False,Elegível
RA-1084,3,1,0,Sem defasagem,3.6666666666666665,7.705263158,8.751,5.63,7.03125,7.4575,6.9071109649333335,Ágata,0.6451576047538863,516,51.14,128,39.81,Moderada,Estável / menor prioridade,False,False,Elegível
RA-1499,2,0,0,Sem defasagem,6.5,9.25,8.418,6.885,8.125,7.11,7.914800000000001,Ametista,0.6449694107462669,517,51.04,104,44.32,Moderada,Estável / menor prioridade,False,False,Elegível
RA-518,3,2,0,Sem defasagem,4.0,6.830075188,8.334,2.51,7.083333333,6.94,6.3467483709,Ágata,0.6445499044862047,518,50.95,129,39.34,Moderada,Estável / menor prioridade,False,False,Elegível
RA-1554,3,0,-2,Com defasagem,4.0,9.629629629666669,6.666,8.76,7.291666667,7.22,6.941692592633334,Ágata,0.6437432483295261,519,50.85,130,38.86,Moderada,Atenção atual,False,False,Elegível
RA-1328,0,0,-1,Com defasagem,10.0,8.2083333335,8.502,7.51,7.5,7.83,8.0588666667,Topázio,0.6427712834674574,520,50.76,151,23.47,Moderada,Atenção atual,False,False,Elegível
RA-968,1,1,-1,Com defasagem,7.75,8.8095238095,9.002,7.51,8.4375,7.6675,7.8403547619,Ametista,0.6424783524789228,521,50.66,97,48.11,Moderada,Atenção atual,False,False,Elegível
RA-590,2,3,-1,Com defasagem,4.0,8.457556936,8.002,6.26,7.5,7.723333333,6.712378053800001,Ágata,0.6420107898424747,522,50.57,105,43.78,Moderada,Atenção atual,False,False,Elegível
RA-1156,4,1,1,Sem defasagem,2.0,7.821067821,7.5,7.51,7.125,7.5,6.6777135642,Ágata,0.6409720426770008,523,50.47,19,84.35,Alta,Risco oculto,True,False,Elegível
RA-1582,4,0,-1,Com defasagem,4.5,8.069444444333334,8.334,6.255,6.666666667,6.666666667,6.472788888966667,Ágata,0.6409247801882784,524,50.38,20,83.48,Alta,Crítico persistente,False,False,Elegível
RA-1413,1,0,-2,Com defasagem,7.25,8.593073593,9.002,7.51,8.4375,7.92,7.747564718600001,Ametista,0.6407233348501732,525,50.28,98,47.57,Moderada,Atenção atual,False,False,Elegível
RA-1462,2,0,-1,Com defasagem,6.5,10.0,8.502,7.51,8.125,7.053333333,7.6243666666,Ametista,0.6405685298417937,526,50.19,106,43.24,Moderada,Atenção atual,False,False,Elegível
RA-1134,3,1,0,Sem defasagem,6.0,8.914285714,8.751,7.51,7.708333333,6.883333333,7.7564571427,Ametista,0.6392694141783862,527,50.09,131,38.39,Moderada,Estável / menor prioridade,False,False,Elegível
RA-799,2,2,0,Sem defasagem,5.25,9.090909091,7.918,7.51,7.916666667,7.5,7.702648484900001,Ametista,0.6389808231830785,528,50.0,107,42.7,Moderada,Estável / menor prioridade,False,False,Elegível
RA-1336,0,0,-1,Com defasagem,9.5,6.2008281575,9.502,2.51,7.5,7.75,7.141365631500001,Ametista,0.6369697128142425,529,49.91,152,22.96,Reduzida,Atenção atual,False,False,Elegível
RA-935,0,1,-1,Com defasagem,8.5,10.0,9.502,7.51,8.75,7.83,8.3422,Topázio,0.6369078944461275,530,49.81,153,22.45,Reduzida,Atenção atual,False,False,Elegível
RA-746,2,2,0,Sem defasagem,8.0,7.4305555555,8.502,7.51,7.5,7.33,7.903311111100001,Ametista,0.6358020616492814,531,49.72,108,42.16,Reduzida,Estável / menor prioridade,False,False,Elegível
RA-853,1,2,0,Sem defasagem,6.25,9.5833333335,8.502,6.26,8.333333333,7.553333333,7.986866666600001,Ametista,0.6357260079918859,532,49.62,99,47.03,Reduzida,Estável / menor prioridade,False,False,Elegível
RA-1279,0,0,-1,Com defasagem,8.25,10.0,10.002,6.26,7.5,7.78,8.0822,Topázio,0.63456871880983,533,49.53,154,21.94,Reduzida,Atenção atual,False,False,Elegível
RA-1035,1,1,-1,Com defasagem,7.0,9.0227272725,9.502,7.51,8.4375,7.92,7.833495454500001,Ametista,0.6344336453767622,534,49.43,100,46.49,Reduzida,Atenção atual,False,False,Elegível
RA-535,3,3,0,Sem defasagem,6.0,7.161904762,9.168,8.135,7.96875,7.5,7.659555952400001,Ametista,0.6335835636347693,535,49.34,132,37.91,Reduzida,Estável / menor prioridade,False,False,Elegível
RA-1385,0,0,-1,Com defasagem,8.0,10.0,10.002,4.385,6.875,7.5,7.7262,Ametista,0.63348690309291,536,49.24,155,21.43,Reduzida,Atenção atual,False,False,Elegível
RA-445,3,2,0,Sem defasagem,4.0,8.715873016,7.917,7.51,7.8125,7.3725,7.3416246032,Ametista,0.6333015943059855,537,49.15,133,37.44,Reduzida,Estável / menor prioridade,False,False,Elegível
RA-273,4,3,-1,Com defasagem,4.5,7.323153899,9.168,6.26,8.125,6.896,6.5991307798,Ágata,0.6331987658689305,538,49.05,21,82.61,Alta,Crítico persistente,False,False,Elegível
RA-613,3,3,-1,Com defasagem,7.333333333333333,9.566666666666666,8.334,7.51,6.875,6.25,7.4019,Ametista,0.6321311077941207,539,48.96,134,36.97,Reduzida,Atenção atual,False,False,Elegível
RA-600,2,3,0,Sem defasagem,7.5,8.010869565,8.002,7.51,7.5,7.22,7.847373913,Ametista,0.6319757186996086,540,48.86,109,41.62,Reduzida,Estável / menor prioridade,False,False,Elegível
RA-1297,0,0,-1,Com defasagem,9.25,9.761904762,9.502,2.51,7.5,6.833333333,7.620247619000001,Ametista,0.6317399581220409,541,48.77,156,20.92,Reduzida,Atenção atual,False,False,Elegível
RA-1534,3,0,0,Sem defasagem,1.1666666666666667,9.666666666666666,7.917,8.135,8.0,8.0825,7.188366666666667,Ametista,0.6307988772573045,542,48.67,135,36.49,Reduzida,Estável / menor prioridade,False,False,Elegível
RA-1072,3,1,0,Sem defasagem,8.166666666666666,5.627886710333333,8.751,8.755,7.96875,7.545,7.8153856754,Ametista,0.6296165666031717,543,48.58,136,36.02,Reduzida,Estável / menor prioridade,False,False,Elegível
RA-1207,5,1,-1,Com defasagem,5.333333333333333,6.581140350999999,8.334,7.51,7.34375,6.5375,6.509169736866667,Ágata,0.6286745781190692,544,48.48,15,86.0,Alta,Crítico persistente,False,False,Elegível
RA-1330,0,0,0,Sem defasagem,9.5,9.3333333335,10.002,7.51,8.4375,7.915,8.944616666700002,Topázio,0.6283038673145797,545,48.39,157,20.41,Reduzida,Estável / menor prioridade,False,False,Elegível
RA-1002,0,1,-1,Com defasagem,9.25,7.833333333500001,9.002,7.51,7.5,8.25,7.967866666700001,Ametista,0.6281676600109011,546,48.29,158,19.9,Reduzida,Atenção atual,False,False,Elegível
RA-1324,0,0,-1,Com defasagem,8.5,10.0,10.002,7.51,7.8125,8.0,8.332450000000001,Topázio,0.6270345343426879,547,48.2,159,19.39,Reduzida,Atenção atual,False,False,Elegível
RA-1103,2,1,0,Sem defasagem,7.25,7.763975155000001,8.502,7.51,7.5,7.54,7.861995031000001,Ametista,0.6268991412715557,548,48.1,110,41.08,Reduzida,Estável / menor prioridade,False,False,Elegível
RA-1559,4,0,-1,Com defasagem,4.666666666666667,5.2929755216666665,7.917,6.885,8.375,7.604,6.330428437666668,Ágata,0.6235371922364414,549,48.01,22,81.74,Alta,Crítico persistente,False,False,Elegível
RA-782,1,2,0,Sem defasagem,7.75,7.857142856999999,9.502,7.51,7.5,8.085,8.1896285714,Topázio,0.6229806554093137,550,47.91,101,45.95,Reduzida,Estável / menor prioridade,False,False,Elegível
RA-1025,1,1,-1,Com defasagem,9.0,7.727272727,9.002,7.51,8.4375,7.783333333,7.897071212,Ametista,0.6216860357565221,551,47.82,102,45.41,Reduzida,Atenção atual,False,False,Elegível
RA-1038,2,1,0,Sem defasagem,8.5,7.5438596495,8.002,7.51,7.5,7.273333333,7.9646385965,Ametista,0.6174825436789187,552,47.72,111,40.54,Reduzida,Estável / menor prioridade,False,False,Elegível
RA-227,3,2,0,Sem defasagem,6.5,8.097577276666668,9.585,9.38,7.5,7.54,8.074015455333335,Topázio,0.6167823910044942,553,47.63,137,35.55,Reduzida,Estável / menor prioridade,False,False,Elegível
RA-987,1,1,0,Sem defasagem,7.5,9.0692640695,9.002,7.51,7.708333333,7.835,8.3028861472,Topázio,0.6164545311082816,554,47.53,103,44.86,Reduzida,Estável / menor prioridade,False,False,Elegível
RA-1090,3,1,0,Sem defasagem,6.333333333333333,7.621832358666666,9.585,7.51,7.8125,7.4175,7.7652831384,Ametista,0.6160245080055249,555,47.44,138,35.07,Reduzida,Estável / menor prioridade,False,False,Elegível
RA-891,0,1,-1,Com defasagem,8.75,9.0454545455,10.002,6.26,7.5,8.003333333,8.035957575700001,Topázio,0.6153121625438,556,47.34,160,18.88,Reduzida,Atenção atual,False,False,Elegível
RA-1512,2,0,0,Sem defasagem,5.5,10.0,9.502,7.51,7.8125,7.61,8.10445,Topázio,0.6148561016496877,557,47.25,112,40.0,Reduzida,Estável / menor prioridade,False,False,Elegível
RA-1585,4,0,-1,Com defasagem,4.0,6.775210084333334,10.002,7.51,7.65625,7.7925,6.730367016866668,Ágata,0.6125918467380975,558,47.15,23,80.87,Alta,Crítico persistente,False,False,Elegível
RA-1538,3,3,1,Sem defasagem,7.166666666666667,7.935185184999999,9.168,8.13,7.916666667,7.106666667,7.9631703704333345,Ametista,0.6125286872974331,559,47.06,139,34.6,Reduzida,Estável / menor prioridade,False,False,Elegível
RA-1040,2,1,-1,Com defasagem,8.25,8.5416666665,9.502,7.51,7.5,7.273333333,7.764199999900001,Ametista,0.6109299727695222,560,46.96,113,39.46,Reduzida,Atenção atual,False,False,Elegível
RA-1368,0,0,0,Sem defasagem,9.5,10.0,7.002,7.51,7.5,7.5,8.6012,Topázio,0.6092994565653299,561,46.87,161,18.37,Reduzida,Estável / menor prioridade,False,False,Elegível
RA-814,2,2,0,Sem defasagem,7.5,9.090909091,7.418,7.51,7.5,7.053333333,7.971648484800001,Ametista,0.6070904027123905,562,46.77,114,38.92,Reduzida,Estável / menor prioridade,False,False,Elegível
RA-527,2,2,0,Sem defasagem,6.0,10.0,9.002,7.51,8.125,7.383333333,8.1403666666,Topázio,0.6064602884140246,563,46.68,115,38.38,Reduzida,Estável / menor prioridade,False,False,Elegível
RA-1468,2,0,0,Sem defasagem,7.0,8.972431078,8.502,7.51,8.4375,7.443333333,8.1281028822,Topázio,0.6062060988330605,564,46.58,116,37.84,Reduzida,Estável / menor prioridade,False,False,Elegível
RA-637,2,3,0,Sem defasagem,7.75,6.2272727275,7.502,7.51,8.333333333,7.776666667,7.6853212122,Ametista,0.6061726602377863,565,46.49,117,37.3,Reduzida,Estável / menor prioridade,False,False,Elegível
RA-1066,2,1,0,Sem defasagem,7.25,8.3954451345,9.502,6.26,7.5,7.386666667,7.9326223603,Ametista,0.6047948292253025,566,46.39,118,36.76,Reduzida,Estável / menor prioridade,False,False,Elegível
RA-1288,0,0,0,Sem defasagem,10.0,7.9813664595,9.002,2.51,7.1875,7.273333333,7.9208899585,Ametista,0.6032142682079029,567,46.3,162,17.86,Reduzida,Estável / menor prioridade,False,False,Elegível
RA-778,2,3,0,Sem defasagem,7.0,8.1235697945,10.002,7.51,7.5,7.7475,8.0754139589,Topázio,0.6030056608093659,568,46.2,119,36.22,Reduzida,Estável / menor prioridade,False,False,Elegível
RA-696,2,3,0,Sem defasagem,5.25,7.845238095,7.418,7.51,7.708333333,8.0,7.482680952299999,Ametista,0.6019004148745145,569,46.11,120,35.68,Reduzida,Estável / menor prioridade,False,False,Elegível
RA-1283,0,0,-2,Com defasagem,9.0,9.230769231,10.002,7.51,7.5,8.28,8.3033538462,Topázio,0.5977482376163432,570,46.02,163,17.35,Reduzida,Atenção atual,False,False,Elegível
RA-990,1,1,-1,Com defasagem,8.0,7.5,9.502,7.51,8.4375,8.336666667,7.812283333400001,Ametista,0.5969989198913067,571,45.92,104,44.32,Reduzida,Atenção atual,False,False,Elegível
RA-1058,1,1,-1,Com defasagem,7.75,8.095238095,9.168,6.88,8.125,8.085,7.703347619,Ametista,0.5954874719514549,572,45.83,105,43.78,Reduzida,Atenção atual,False,False,Elegível
RA-599,3,2,1,Sem defasagem,7.666666666666667,8.607843137333333,10.002,9.375,7.083333333,7.28,8.3569352941,Topázio,0.5939414441874313,573,45.73,140,34.12,Reduzida,Estável / menor prioridade,False,False,Elegível
RA-1605,5,0,-1,Com defasagem,2.5,5.0694444443333335,0.0,7.51,7.5,7.028,4.920488888866667,Quartzo,0.5938530044295176,574,45.64,16,85.0,Alta,Crítico persistente,False,False,Elegível
RA-1044,2,1,0,Sem defasagem,7.0,9.523809524,7.502,7.51,7.1875,7.21,7.966711904800001,Ametista,0.5929958066607877,575,45.54,121,35.14,Reduzida,Estável / menor prioridade,False,False,Elegível
RA-1429,1,0,-1,Com defasagem,7.75,8.888888889,9.502,7.51,8.958333333,8.085,8.041811111100001,Topázio,0.5917877388347901,576,45.45,106,43.24,Reduzida,Atenção atual,False,False,Elegível
RA-884,0,1,-1,Com defasagem,8.75,8.818181818,10.002,6.26,7.5,8.223333333,8.0345030302,Topázio,0.5916670204289612,577,45.35,164,16.84,Reduzida,Atenção atual,False,False,Elegível
RA-1334,0,0,-1,Com defasagem,9.0,10.0,10.002,5.625,9.375,7.75,8.350200000000001,Topázio,0.5906622239732722,578,45.26,165,16.33,Reduzida,Atenção atual,False,False,Elegível
RA-1600,5,0,-2,Com defasagem,5.666666666666667,8.425925926,8.751,6.26,7.25,6.03,6.750618518533334,Ágata,0.5904938865348472,579,45.16,17,84.0,Alta,Crítico persistente,False,False,Elegível
RA-1466,2,0,0,Sem defasagem,7.5,7.380952381,10.002,7.51,8.75,8.056666667,8.213723809600001,Topázio,0.5883660547308142,580,45.07,122,34.59,Reduzida,Estável / menor prioridade,False,False,Elegível
RA-1465,2,0,-1,Com defasagem,5.75,8.75,7.418,7.51,8.75,7.833333333,7.3344666666,Ametista,0.5879460908188796,581,44.97,123,34.05,Reduzida,Atenção atual,False,False,Elegível
RA-954,1,1,0,Sem defasagem,7.75,8.8833992095,9.502,6.26,8.125,7.835,8.2823798419,Topázio,0.5872345804488417,582,44.88,107,42.7,Reduzida,Estável / menor prioridade,False,False,Elegível
RA-642,3,3,0,Sem defasagem,4.0,9.149206349333332,9.585,3.76,7.1875,6.9975,7.082591269866667,Ametista,0.5867269851213202,583,44.78,141,33.65,Reduzida,Estável / menor prioridade,False,False,Elegível
RA-1430,1,0,-1,Com defasagem,6.25,10.0,8.502,7.51,8.958333333,8.085,7.864033333300001,Ametista,0.5865492824943602,584,44.69,108,42.16,Reduzida,Atenção atual,False,False,Elegível
RA-941,0,1,-1,Com defasagem,8.75,9.25,8.002,5.01,8.125,7.665,7.746700000000001,Ametista,0.5862588103934064,585,44.59,166,15.82,Reduzida,Atenção atual,False,False,Elegível
RA-404,3,3,0,Sem defasagem,5.666666666666667,6.286274509666666,8.334,2.51,7.5,6.998,6.624588235266668,Ágata,0.5853254407585912,586,44.5,142,33.18,Reduzida,Estável / menor prioridade,False,False,Elegível
RA-1453,2,3,-1,Com defasagem,6.5,7.8214285715,8.502,6.25,7.5,7.67,7.1234857143,Ametista,0.5852112027567549,587,44.4,124,33.51,Reduzida,Atenção atual,False,False,Elegível
RA-1608,5,0,0,Sem defasagem,5.0,7.199074074333335,8.751,7.51,6.40625,6.83,7.072539814866667,Ametista,0.585120354851745,588,44.31,18,83.0,Alta,Risco oculto,True,True,Elegível
RA-1306,0,0,-1,Com defasagem,9.75,10.0,9.002,8.135,7.5,7.946666667,8.503033333400001,Topázio,0.5844944720105781,589,44.21,167,15.31,Reduzida,Atenção atual,False,False,Elegível
RA-984,1,1,0,Sem defasagem,7.0,9.761904762,9.502,7.51,8.125,8.045,8.475080952400003,Topázio,0.5833876923329876,590,44.12,109,41.62,Reduzida,Estável / menor prioridade,False,False,Elegível
RA-363,3,2,0,Sem defasagem,5.333333333333333,9.523809524,9.585,5.625,7.34375,6.955,7.617803571466666,Ametista,0.5830511110556549,591,44.02,143,32.7,Reduzida,Estável / menor prioridade,False,False,Elegível
RA-1565,4,0,-1,Com defasagem,5.5,8.102240896333333,0.0,7.51,6.375,6.0375,5.816448179266667,Quartzo,0.5827848073519619,592,43.93,24,80.0,Alta,Crítico persistente,False,False,Elegível
RA-336,4,3,0,Sem defasagem,5.833333333333333,5.512100409000001,7.5,6.26,7.5,7.196,6.834286748466667,Ágata,0.5826199062537853,593,43.83,25,79.13,Alta,Risco oculto,True,False,Elegível
RA-1325,0,0,0,Sem defasagem,10.0,9.5227272725,9.002,7.51,8.4375,7.915,8.9824954545,Topázio,0.581916787588161,594,43.74,168,14.8,Reduzida,Estável / menor prioridade,False,False,Elegível
RA-1067,1,1,-1,Com defasagem,6.75,8.333333332999999,10.002,7.51,8.541666667,8.59,7.840033333300001,Ametista,0.5816746869848688,595,43.64,110,41.08,Reduzida,Atenção atual,False,False,Elegível
RA-1395,1,0,0,Sem defasagem,7.75,10.0,9.502,7.51,7.8125,7.836666667,8.5997833334,Topázio,0.581029613816522,596,43.55,111,40.54,Reduzida,Estável / menor prioridade,False,False,Elegível
RA-873,1,1,-2,Com defasagem,6.75,10.0,8.002,6.88,7.1875,7.77,7.61095,Ametista,0.5801903994366262,597,43.45,112,40.0,Reduzida,Atenção atual,False,False,Elegível
RA-896,1,1,0,Sem defasagem,6.5,9.7727272725,8.502,7.51,8.125,8.085,8.2852454545,Topázio,0.5792962545430058,598,43.36,113,39.46,Reduzida,Estável / menor prioridade,False,False,Elegível
RA-1402,1,0,0,Sem defasagem,7.25,9.5454545455,10.002,7.51,8.4375,8.17,8.588040909100002,Topázio,0.5792830815506699,599,43.26,114,38.92,Reduzida,Estável / menor prioridade,False,False,Elegível
RA-1281,0,0,-1,Com defasagem,9.25,9.5454545455,7.918,6.26,7.5,7.78,7.982890909100001,Ametista,0.5766548246210699,600,43.17,169,14.29,Reduzida,Atenção atual,False,False,Elegível
RA-1021,1,1,-1,Com defasagem,8.0,9.318181818,9.502,7.51,8.4375,7.95,8.0985863636,Topázio,0.5763546426456161,601,43.07,115,38.38,Reduzida,Atenção atual,False,False,Elegível
RA-886,0,1,-1,Com defasagem,8.75,10.0,9.502,8.13,7.5,8.28,8.419200000000002,Topázio,0.5761659695972235,602,42.98,170,13.78,Reduzida,Atenção atual,False,False,Elegível
RA-1022,1,1,-1,Com defasagem,6.5,9.318181818,9.502,6.26,7.5,8.116666667,7.613169697000002,Ametista,0.5760559962046407,603,42.88,116,37.84,Reduzida,Atenção atual,False,False,Elegível
RA-1522,3,0,0,Sem defasagem,7.0,10.0,8.751,9.38,6.875,7.1275,8.3261,Topázio,0.5749049443691182,604,42.79,144,32.23,Reduzida,Estável / menor prioridade,False,False,Elegível
RA-1036,2,1,0,Sem defasagem,7.0,9.0890269155,10.002,7.51,7.65625,7.7475,8.2841303831,Topázio,0.5742570630960041,605,42.69,125,32.97,Reduzida,Estável / menor prioridade,False,False,Elegível
RA-1290,0,0,-1,Com defasagem,8.75,10.0,10.002,7.51,7.5,8.28,8.407200000000001,Topázio,0.5740371194140583,606,42.6,171,13.27,Reduzida,Atenção atual,False,False,Elegível
RA-1122,3,1,1,Sem defasagem,5.333333333333333,9.861111111,8.751,7.51,7.083333333,7.22,7.817322222166666,Ametista,0.5740365485648834,607,42.5,145,31.75,Reduzida,Estável / menor prioridade,False,False,Elegível
RA-840,1,2,0,Sem defasagem,8.0,9.337121212,9.502,7.51,8.333333333,7.946666667,8.5912909091,Topázio,0.5690066559656384,608,42.41,117,37.3,Reduzida,Estável / menor prioridade,False,False,Elegível
RA-985,1,1,0,Sem defasagem,7.5,10.0,8.502,6.26,7.5,7.585,8.2432,Topázio,0.5686429289967588,609,42.31,118,36.76,Reduzida,Estável / menor prioridade,False,False,Elegível
RA-1437,1,0,-1,Com defasagem,8.0,9.347826087,8.502,7.51,8.28125,7.92,7.982890217400001,Ametista,0.5684947517843041,610,42.22,119,36.22,Reduzida,Atenção atual,False,False,Elegível
RA-424,4,2,0,Sem defasagem,3.333333333333333,9.616228070333332,8.334,7.51,7.34375,7.1625,7.341187280733334,Ametista,0.5679574395496786,611,42.13,26,78.26,Alta,Risco oculto,True,True,Elegível
RA-1620,5,0,-1,Com defasagem,5.166666666666667,6.666666666666667,8.751,7.51,7.5,7.05,6.652766666666667,Ágata,0.5676487882163354,612,42.03,19,82.0,Alta,Crítico persistente,False,False,Elegível
RA-536,3,3,1,Sem defasagem,5.5,9.109090909,8.334,8.135,7.1875,7.415,7.7704681818,Ametista,0.5669929372350971,613,41.94,146,31.28,Reduzida,Estável / menor prioridade,False,False,Elegível
RA-1454,2,1,0,Sem defasagem,7.75,5.880952381,8.002,7.51,7.708333333,8.28,7.7042238095,Ametista,0.5666272519581039,614,41.84,126,32.43,Reduzida,Estável / menor prioridade,False,False,Elegível
RA-1553,3,0,0,Sem defasagem,4.333333333333333,9.003921568666668,8.334,7.51,8.333333333,7.78,7.641184313700001,Ametista,0.5660213915474571,615,41.75,147,30.81,Reduzida,Estável / menor prioridade,False,False,Elegível
RA-1592,4,0,-1,Com defasagem,5.5,6.854727398333334,7.917,7.51,8.125,7.432,6.812545479666667,Ágata,0.5652725671008832,616,41.65,27,77.39,Alta,Crítico persistente,False,False,Elegível
RA-1428,1,0,-1,Com defasagem,8.0,8.8562091505,8.502,7.51,9.166666667,8.085,8.006108496800001,Topázio,0.5646816161255209,617,41.56,120,35.68,Reduzida,Atenção atual,False,False,Elegível
RA-521,2,2,0,Sem defasagem,6.25,9.0357142855,8.002,5.005,6.666666667,7.276666667,7.479842857199999,Ametista,0.5640391524519713,618,41.46,127,31.89,Reduzida,Estável / menor prioridade,False,False,Elegível
RA-832,2,2,0,Sem defasagem,8.0,8.695652174,9.002,7.51,7.5,7.5,8.2403304348,Topázio,0.563458491300941,619,41.37,128,31.35,Reduzida,Estável / menor prioridade,False,False,Elegível
RA-1296,0,0,-1,Com defasagem,6.5,8.4444444445,9.002,2.51,7.5,8.336666667,7.0574222223000005,Ametista,0.5628419017060264,620,41.27,172,12.76,Reduzida,Atenção atual,False,False,Elegível
RA-1404,1,0,0,Sem defasagem,7.5,9.090909091,8.502,7.51,8.4375,8.17,8.3971318182,Topázio,0.5617730460840938,621,41.18,121,35.14,Reduzida,Estável / menor prioridade,False,False,Elegível
RA-1293,0,0,-1,Com defasagem,8.5,9.4949494945,8.002,7.51,6.875,8.336666667,8.005023232300001,Topázio,0.5616568685484139,622,41.08,173,12.24,Reduzida,Atenção atual,False,False,Elegível
RA-1280,0,0,-1,Com defasagem,8.5,9.5454545455,10.002,6.26,7.5,8.336666667,8.152624242500002,Topázio,0.5590200781429542,623,40.99,174,11.73,Reduzida,Atenção atual,False,False,Elegível
RA-702,0,2,-2,Com defasagem,9.25,9.75,9.002,2.51,7.8125,7.163333333,7.665116666600001,Ametista,0.5589105963829694,624,40.89,175,11.22,Reduzida,Atenção atual,False,False,Elegível
RA-305,4,3,-1,Com defasagem,4.833333333333333,7.898550724666666,8.334,6.26,7.8125,7.03,6.693026811600001,Ágata,0.5588635734641574,625,40.8,28,76.52,Alta,Crítico persistente,False,False,Elegível
RA-850,1,2,-1,Com defasagem,7.75,9.2727272725,10.002,6.255,7.5,7.92,7.864245454500001,Ametista,0.5585470607871957,626,40.7,122,34.59,Reduzida,Atenção atual,False,False,Elegível
RA-1048,2,1,0,Sem defasagem,6.25,6.833333333500001,8.502,6.255,7.708333333,8.283333333,7.5198666666,Ametista,0.5582196450656551,627,40.61,129,30.81,Reduzida,Estável / menor prioridade,False,False,Elegível
RA-1469,2,0,-1,Com defasagem,4.75,9.4444444445,8.502,7.51,8.75,8.223333333,7.459755555500001,Ametista,0.5575596051223508,628,40.51,130,30.27,Reduzida,Atenção atual,False,False,Elegível
RA-955,1,1,-1,Com defasagem,5.75,6.904761905,0.0,7.51,8.125,8.255,6.245452381,Ágata,0.5569703802536944,629,40.42,123,34.05,Reduzida,Atenção atual,False,False,Elegível
RA-1589,4,0,-1,Com defasagem,2.5,6.259259259333334,0.0,7.51,7.5,7.54,5.260851851866667,Quartzo,0.5556487674040054,630,40.32,29,75.65,Alta,Crítico persistente,False,False,Elegível
RA-178,5,3,0,Sem defasagem,4.166666666666667,8.739177489333334,9.585,6.26,7.625,6.53,7.234168831200001,Ametista,0.5551925989781946,631,40.23,20,81.0,Alta,Risco oculto,True,True,Elegível
RA-988,1,1,-1,Com defasagem,7.75,10.0,9.502,7.51,8.333333333,7.96,8.1765333333,Topázio,0.5546924568692992,632,40.13,124,33.51,Reduzida,Atenção atual,False,False,Elegível
RA-1001,1,1,-1,Com defasagem,7.75,9.347826087,7.502,7.51,7.916666667,7.92,7.7964318841,Ametista,0.5535648589633416,633,40.04,125,32.97,Reduzida,Atenção atual,False,False,Elegível
RA-686,2,2,0,Sem defasagem,7.25,8.7857142855,8.002,6.885,8.4375,7.503333333,8.040259523700001,Topázio,0.5534576683645488,634,39.94,131,29.73,Reduzida,Estável / menor prioridade,False,False,Elegível
RA-1333,0,0,-1,Com defasagem,9.25,10.0,7.502,6.255,9.375,7.75,8.213199999999999,Topázio,0.5532086008910939,635,39.85,176,10.71,Reduzida,Atenção atual,False,False,Elegível
RA-1119,3,1,-1,Com defasagem,5.666666666666667,8.716666666666667,9.585,7.51,7.625,7.698,7.388266666666667,Ametista,0.5517310778392016,636,39.75,148,30.33,Reduzida,Atenção atual,False,False,Elegível
RA-757,1,2,-1,Com defasagem,7.0,9.285714286,9.502,7.51,8.125,8.34,7.938842857200001,Ametista,0.551503839689731,637,39.66,126,32.43,Reduzida,Atenção atual,False,False,Elegível
RA-1536,3,0,-1,Com defasagem,7.0,8.722222222333334,9.168,8.135,7.875,7.4575,7.653744444466668,Ametista,0.5512454625238404,638,39.56,149,29.86,Reduzida,Atenção atual,False,False,Elegível
RA-1154,3,1,-1,Com defasagem,8.0,9.2,7.917,7.51,7.34375,6.745,7.566075,Ametista,0.5511426335619269,639,39.47,150,29.38,Reduzida,Atenção atual,False,False,Elegível
RA-693,1,2,0,Sem defasagem,8.0,9.5227272725,10.002,9.38,7.8125,8.42,8.9079954545,Topázio,0.5509642594715793,640,39.37,127,31.89,Reduzida,Estável / menor prioridade,False,False,Elegível
RA-1588,4,0,0,Sem defasagem,4.0,8.640618640666666,7.917,7.51,7.5,7.415,7.303823728133333,Ametista,0.5506265319029635,641,39.28,30,74.78,Moderada,Estável / menor prioridade,False,False,Elegível
RA-885,0,1,-1,Com defasagem,8.5,10.0,8.502,7.51,7.5,8.28,8.2072,Topázio,0.5499445975795286,642,39.18,177,10.2,Reduzida,Atenção atual,False,False,Elegível
RA-1406,1,0,-1,Com defasagem,7.5,8.8636363635,8.002,7.51,8.4375,8.255,7.8186772727,Ametista,0.5494263507501691,643,39.09,128,31.35,Reduzida,Atenção atual,False,False,Elegível
RA-1397,1,0,-1,Com defasagem,7.0,10.0,9.002,6.26,8.125,7.946666667,7.8280333334,Ametista,0.5490510372541302,644,38.99,129,30.81,Reduzida,Atenção atual,False,False,Elegível
RA-1000,1,1,0,Sem defasagem,7.75,9.5454545455,9.002,6.26,8.125,7.835,8.364790909100002,Topázio,0.548467041954295,645,38.9,130,30.27,Reduzida,Estável / menor prioridade,False,False,Elegível
RA-158,5,3,0,Sem defasagem,4.0,7.796296296333334,8.334,6.26,6.875,6.745,6.855159259266667,Ágata,0.5477926041895997,646,38.8,21,80.0,Alta,Risco oculto,True,False,Elegível
RA-357,3,2,-1,Com defasagem,7.666666666666667,9.028180354333331,8.751,8.135,7.875,7.0825,7.731569404200001,Ametista,0.5466013302057486,647,38.71,151,28.91,Reduzida,Atenção atual,False,False,Elegível
RA-1028,1,1,-2,Com defasagem,7.5,7.055335968,8.002,5.63,6.875,8.393333333,7.1404338602,Ametista,0.546103288083095,648,38.61,131,29.73,Reduzida,Atenção atual,False,False,Elegível
RA-1315,0,0,0,Sem defasagem,9.0,8.3333333335,6.834,7.51,7.5,8.5,8.3510666667,Topázio,0.5457236193211367,649,38.52,178,9.69,Reduzida,Estável / menor prioridade,False,False,Elegível
RA-509,3,3,0,Sem defasagem,6.0,6.363636363666667,9.168,2.51,8.28125,7.2475,6.918152272733334,Ágata,0.5440843559650451,650,38.43,152,28.44,Reduzida,Estável / menor prioridade,False,False,Elegível
RA-1032,1,1,-1,Com defasagem,8.0,9.75,8.502,7.51,7.8125,7.92,8.01645,Topázio,0.5432999058200132,651,38.33,132,29.19,Reduzida,Atenção atual,False,False,Elegível
RA-1526,3,0,0,Sem defasagem,3.75,10.0,9.168,8.75,8.125,8.1275,7.9798,Ametista,0.5431919469870768,652,38.24,153,27.96,Reduzida,Estável / menor prioridade,False,False,Elegível
RA-1391,0,0,0,Sem defasagem,10.0,9.2916666665,8.502,7.51,7.5,8.17,8.8435333333,Topázio,0.543120873119092,653,38.14,179,9.18,Reduzida,Estável / menor prioridade,False,False,Elegível
RA-767,1,3,-2,Com defasagem,8.25,9.0476190475,9.502,7.51,8.541666667,8.085,8.131890476200002,Topázio,0.5426706364115439,654,38.05,133,28.65,Reduzida,Atenção atual,False,False,Elegível
RA-249,4,3,-2,Com defasagem,5.0,6.645021645,7.083,5.0,6.75,7.064,6.125104328999999,Ágata,0.5424423741144354,655,37.95,31,73.91,Moderada,Atenção atual,False,False,Elegível
RA-727,1,2,0,Sem defasagem,8.5,8.4848484845,10.002,6.26,8.125,8.056666667,8.447003030300001,Topázio,0.5410708094073122,656,37.86,134,28.11,Reduzida,Estável / menor prioridade,False,False,Elegível
RA-888,0,1,-1,Com defasagem,8.5,10.0,9.002,6.88,7.5,8.28,8.1942,Topázio,0.5403702500767326,657,37.76,180,8.67,Reduzida,Atenção atual,False,False,Elegível
RA-899,1,1,0,Sem defasagem,8.25,9.1007905135,10.002,5.635,8.125,7.893333333,8.425024769300002,Topázio,0.5380407699514961,658,37.67,135,27.57,Reduzida,Estável / menor prioridade,False,False,Elegível
RA-1586,4,0,-1,Com defasagem,5.666666666666667,6.128654970666666,10.002,5.01,6.875,7.54,6.555764327466668,Ágata,0.537946500821449,659,37.57,32,73.04,Moderada,Atenção atual,False,False,Elegível
RA-895,0,1,-1,Com defasagem,9.5,9.5454545455,9.502,6.26,7.5,8.113333333,8.2579575757,Topázio,0.5357475938728364,660,37.48,181,8.16,Reduzida,Atenção atual,False,False,Elegível
RA-580,2,3,-1,Com defasagem,9.25,8.871635610999999,9.002,7.51,7.03125,7.2475,7.9281521222,Ametista,0.5355432057529159,661,37.38,132,29.19,Reduzida,Atenção atual,False,False,Elegível
RA-764,2,2,0,Sem defasagem,6.0,7.8804347825,8.002,7.51,8.4375,8.336666667,7.838370289900001,Ametista,0.5341148207070775,662,37.29,133,28.65,Reduzida,Estável / menor prioridade,False,False,Elegível
RA-922,1,1,0,Sem defasagem,7.75,9.5227272725,9.002,7.51,7.8125,8.17,8.5209954545,Topázio,0.5338325533709416,663,37.19,136,27.03,Reduzida,Estável / menor prioridade,False,False,Elegível
RA-748,1,3,-1,Com defasagem,7.75,10.0,9.502,7.51,8.75,8.005,8.2272,Topázio,0.5333393825279416,664,37.1,137,26.49,Reduzida,Atenção atual,False,False,Elegível
RA-409,3,2,0,Sem defasagem,7.166666666666667,9.231481481333333,9.585,7.51,7.916666667,7.223333333,8.225462962900002,Topázio,0.5329843268879241,665,37.0,154,27.49,Reduzida,Estável / menor prioridade,False,False,Elegível
RA-780,1,2,-1,Com defasagem,6.0,10.0,9.502,5.63,8.958333333,8.17,7.7430333333,Ametista,0.5321595715334051,666,36.91,138,25.95,Reduzida,Atenção atual,False,False,Elegível
RA-1399,1,0,-1,Com defasagem,6.0,9.7727272725,9.002,5.005,7.5,8.166666667,7.438578787899999,Ametista,0.5292810390948067,667,36.81,139,25.41,Reduzida,Atenção atual,False,False,Elegível
RA-1361,0,0,0,Sem defasagem,10.0,9.375,9.502,5.635,7.5,8.0,8.738700000000001,Topázio,0.528674470351485,668,36.72,182,7.65,Reduzida,Estável / menor prioridade,False,False,Elegível
RA-963,1,1,0,Sem defasagem,7.5,9.761904762,7.502,7.51,8.125,8.045,8.375080952400001,Topázio,0.5255820629349071,669,36.62,140,24.86,Reduzida,Estável / menor prioridade,False,False,Elegível
RA-1539,3,0,0,Sem defasagem,6.833333333333333,9.027777777666666,6.667,6.885,7.708333333,7.056666667,7.709588888900001,Ametista,0.5242353078616012,670,36.53,155,27.01,Reduzida,Estável / menor prioridade,False,False,Elegível
RA-116,5,3,-2,Com defasagem,4.5,7.535353535666666,8.334,5.635,6.875,6.73,6.337470707133334,Ágata,0.5220971850991225,671,36.43,22,79.0,Alta,Crítico persistente,False,False,Elegível
RA-753,1,2,-1,Com defasagem,8.5,9.047619048,10.002,7.51,8.333333333,8.255,8.2450571429,Topázio,0.5214971611588586,672,36.34,141,24.32,Reduzida,Atenção atual,False,False,Elegível
RA-788,2,3,0,Sem defasagem,5.75,9.519450801,8.418,6.26,8.4375,7.783333333,7.9221068268,Ametista,0.5212023488747469,673,36.24,134,28.11,Reduzida,Estável / menor prioridade,False,False,Elegível
RA-1165,3,1,0,Sem defasagem,8.0,6.829721362333333,8.751,8.135,6.875,7.83,7.908044272466667,Ametista,0.5208013194914849,674,36.15,156,26.54,Reduzida,Estável / menor prioridade,False,False,Elegível
RA-1405,1,0,0,Sem defasagem,8.75,8.6363636365,8.002,7.51,8.125,8.17,8.4749727273,Topázio,0.5202410430376472,675,36.05,142,23.78,Reduzida,Estável / menor prioridade,False,False,Elegível
RA-653,3,2,0,Sem defasagem,5.166666666666667,9.537254902,8.751,8.76,8.333333333,7.89,8.103217647033333,Topázio,0.5200896764163846,676,35.96,157,26.07,Reduzida,Estável / menor prioridade,False,False,Elegível
RA-860,1,2,0,Sem defasagem,8.5,9.7916666665,9.002,7.51,8.75,7.946666667,8.7738666667,Topázio,0.5180888590670374,677,35.86,143,23.24,Reduzida,Estável / menor prioridade,False,False,Elegível
RA-632,3,2,0,Sem defasagem,4.166666666666667,8.999164578333334,7.917,6.875,8.28125,7.875,7.515491249000001,Ametista,0.5173337656343727,678,35.77,158,25.59,Reduzida,Estável / menor prioridade,False,False,Elegível
RA-1062,1,1,-1,Com defasagem,7.25,9.047619048,8.002,5.63,8.75,8.085,7.6147238096,Ametista,0.5151627719790207,679,35.67,144,22.7,Reduzida,Atenção atual,False,False,Elegível
RA-1075,2,1,-1,Com defasagem,6.0,8.5154061625,7.5,3.755,7.708333333,7.553333333,6.8100812324,Ágata,0.5148432550197136,680,35.58,135,27.57,Reduzida,Atenção atual,False,False,Elegível
RA-655,3,3,0,Sem defasagem,6.833333333333333,10.0,7.501,8.76,8.125,7.166666667,8.238600000066668,Topázio,0.5128421444917898,681,35.48,159,25.12,Reduzida,Estável / menor prioridade,False,False,Elegível
RA-403,3,3,0,Sem defasagem,7.666666666666667,7.361111111,8.751,7.51,8.541666667,7.613333333,8.008488888833334,Topázio,0.512149479182371,682,35.39,160,24.64,Reduzida,Estável / menor prioridade,False,False,Elegível
RA-377,4,3,0,Sem defasagem,5.166666666666667,7.698412698333333,9.168,7.51,7.125,7.634,7.480115873000001,Ametista,0.5109437435701496,683,35.29,33,72.17,Moderada,Estável / menor prioridade,False,False,Elegível
RA-808,1,2,0,Sem defasagem,8.75,10.0,9.002,7.51,8.125,7.88,8.7897,Topázio,0.508570849249493,684,35.2,145,22.16,Reduzida,Estável / menor prioridade,False,False,Elegível
RA-831,1,2,-1,Com defasagem,7.75,9.523809524,10.002,6.26,7.916666667,8.17,8.0066285715,Topázio,0.5076544086906161,685,35.1,146,21.62,Reduzida,Atenção atual,False,False,Elegível
RA-837,2,2,0,Sem defasagem,6.75,9.7826086955,7.502,6.885,7.03125,7.5825,7.9648467391,Ametista,0.5075520211980926,686,35.01,136,27.03,Reduzida,Estável / menor prioridade,False,False,Elegível
RA-1287,0,0,-1,Com defasagem,7.75,9.3064182195,10.002,2.51,8.125,8.223333333,7.619650310500001,Ametista,0.5073043250298778,687,34.91,183,7.14,Reduzida,Atenção atual,False,False,Elegível
RA-740,1,2,-1,Com defasagem,8.0,9.555335968,9.002,7.51,8.541666667,8.223333333,8.1611005269,Topázio,0.5060679049180477,688,34.82,147,21.08,Reduzida,Atenção atual,False,False,Elegível
RA-1018,1,1,-1,Com defasagem,8.25,7.727272727,8.502,6.26,8.4375,8.45,7.7054045454,Ametista,0.5028832432583795,689,34.72,148,20.54,Reduzida,Atenção atual,False,False,Elegível
RA-855,2,2,0,Sem defasagem,8.5,10.0,9.002,7.51,7.5,7.386666667,8.578533333400001,Topázio,0.5010720622939488,690,34.63,137,26.49,Reduzida,Estável / menor prioridade,False,False,Elegível
RA-367,4,3,1,Sem defasagem,5.0,7.268170426,9.168,6.26,6.875,7.6275,7.209434085200001,Ametista,0.5010687009693595,691,34.54,34,71.3,Moderada,Estável / menor prioridade,False,False,Elegível
RA-1295,0,0,0,Sem defasagem,7.5,9.5227272725,10.002,2.51,7.5,8.28,8.0617454545,Topázio,0.4990542080905401,692,34.44,184,6.63,Reduzida,Estável / menor prioridade,False,False,Elegível
RA-1390,0,0,0,Sem defasagem,8.25,9.7916666665,9.502,5.005,7.5,8.42,8.4930333333,Topázio,0.49832342053516243,693,34.35,185,6.12,Reduzida,Estável / menor prioridade,False,False,Elegível
RA-107,5,3,-1,Com defasagem,4.666666666666667,7.9949874686666655,7.5,7.51,7.5,6.964,6.676130827066667,Ágata,0.4976549205530763,694,34.25,23,78.0,Alta,Crítico persistente,False,False,Elegível
RA-137,5,3,-2,Com defasagem,6.833333333333333,7.582972583,9.585,5.005,4.791666667,6.276666667,6.576761183366667,Ágata,0.49714808929094273,695,34.16,24,77.0,Alta,Crítico persistente,False,False,Elegível
RA-1027,2,1,0,Sem defasagem,5.25,10.0,9.502,7.51,7.916666667,8.39,8.220866666700001,Topázio,0.4960587011595311,696,34.06,138,25.95,Reduzida,Estável / menor prioridade,False,False,Elegível
RA-1555,3,0,0,Sem defasagem,3.0,10.0,8.334,6.255,8.125,8.056666667,7.4827333334,Ametista,0.49587798459492133,697,33.97,161,24.17,Reduzida,Estável / menor prioridade,False,False,Elegível
RA-442,4,2,1,Sem defasagem,5.0,5.9151960783333335,8.334,5.635,7.5,7.8775,6.905439215666667,Ágata,0.49573958960054515,698,33.87,35,70.43,Moderada,Estável / menor prioridade,False,False,Elegível
RA-1403,1,0,-1,Com defasagem,8.75,9.3073593075,9.002,7.51,8.4375,8.255,8.257421861500001,Topázio,0.4947263532538513,699,33.78,149,20.0,Reduzida,Atenção atual,False,False,Elegível
RA-407,4,2,0,Sem defasagem,3.6666666666666665,7.614522417333333,8.334,6.26,7.96875,7.875,7.0875128168,Ametista,0.4942489432386879,700,33.68,36,69.57,Moderada,Estável / menor prioridade,False,False,Elegível
RA-526,3,2,-1,Com defasagem,7.333333333333333,9.382456140333334,9.585,8.13,7.291666667,7.496666667,7.843157894833334,Ametista,0.4941347713116748,701,33.59,162,23.7,Reduzida,Atenção atual,False,False,Elegível
RA-893,1,1,0,Sem defasagem,9.25,10.0,9.002,7.51,8.125,7.886666667,8.8910333334,Topázio,0.49338128833679223,702,33.49,150,19.46,Reduzida,Estável / menor prioridade,False,False,Elegível
RA-438,2,2,-1,Com defasagem,8.25,8.6630434785,9.168,7.51,7.96875,7.915,7.930283695700001,Ametista,0.49156649167931693,703,33.4,139,25.41,Reduzida,Atenção atual,False,False,Elegível
RA-889,0,1,-1,Com defasagem,9.75,9.2954545455,8.502,6.26,7.5,8.28,8.191290909100001,Topázio,0.49135567502438515,704,33.3,186,5.61,Reduzida,Atenção atual,False,False,Elegível
RA-192,5,3,-2,Com defasagem,7.166666666666667,6.363636363666667,8.334,7.51,7.125,6.9,6.882960606066668,Ágata,0.491303603509341,705,33.21,25,76.0,Alta,Crítico persistente,False,False,Elegível
RA-646,3,3,-1,Com defasagem,6.166666666666667,9.266666666666667,10.002,7.51,8.28125,7.7475,7.715491666666668,Ametista,0.49105692079311997,706,33.11,163,23.22,Reduzida,Atenção atual,False,False,Elegível
RA-892,1,1,0,Sem defasagem,8.75,10.0,8.002,7.51,8.125,7.92,8.697700000000001,Topázio,0.4907358531319295,707,33.02,151,18.92,Reduzida,Estável / menor prioridade,False,False,Elegível
RA-1456,2,0,0,Sem defasagem,7.75,9.511904762,9.502,7.51,7.5,7.946666667,8.492914285800001,Topázio,0.4896718668737366,708,32.92,140,24.86,Reduzida,Estável / menor prioridade,False,False,Elegível
RA-1557,3,0,0,Sem defasagem,7.0,8.916666666666666,9.585,7.51,7.916666667,7.72,8.228500000033334,Topázio,0.48965623635884664,709,32.83,164,22.75,Reduzida,Estável / menor prioridade,False,False,Elegível
RA-1618,5,0,-1,Com defasagem,6.333333333333333,7.908496732000001,8.334,7.51,7.5,6.83,7.0487660130666665,Ametista,0.4890226892080472,710,32.73,26,75.0,Alta,Crítico persistente,False,False,Elegível
RA-1056,1,1,-1,Com defasagem,8.25,9.2857142855,8.502,7.51,9.166666667,8.335,8.192009523800001,Topázio,0.487771986980588,711,32.64,152,18.38,Reduzida,Atenção atual,False,False,Elegível
RA-1625,6,0,0,Sem defasagem,4.333333333333333,7.112887113,7.5,7.51,7.1875,6.896,6.888194089266667,Ágata,0.48765410916747287,712,32.54,1,100.0,Muito alta,Risco oculto,True,False,Elegível
RA-657,3,3,0,Sem defasagem,7.5,9.6,8.751,6.885,8.125,7.056666667,8.207433333400001,Topázio,0.48706215085922755,713,32.45,165,22.27,Reduzida,Estável / menor prioridade,False,False,Elegível
RA-364,3,3,0,Sem defasagem,7.5,9.526143791,8.751,7.51,7.96875,7.2075,8.2697037582,Topázio,0.4852037827723117,714,32.35,166,21.8,Reduzida,Estável / menor prioridade,False,False,Elegível
RA-1127,3,1,0,Sem defasagem,5.833333333333333,10.0,9.168,7.51,8.125,7.67,8.180966666666668,Topázio,0.4829774116577677,715,32.26,167,21.33,Reduzida,Estável / menor prioridade,False,False,Elegível
RA-1193,4,1,-1,Com defasagem,4.0,7.763157895,8.751,5.635,7.8125,7.79,6.6304815790000005,Ágata,0.4829508625173009,716,32.16,37,68.7,Moderada,Atenção atual,False,False,Elegível
RA-1614,5,0,-1,Com defasagem,6.5,6.574494949666668,7.5,7.51,7.5,7.11,6.787898989933334,Ágata,0.48259487255272254,717,32.07,27,74.0,Moderada,Atenção atual,False,False,Elegível
RA-1057,1,1,-1,Com defasagem,8.0,10.0,10.002,6.26,8.75,8.17,8.2352,Topázio,0.48246396358955784,718,31.97,153,17.84,Reduzida,Atenção atual,False,False,Elegível
RA-859,1,2,0,Sem defasagem,8.0,9.337121212,8.002,7.51,8.958333333,8.336666667,8.5817909091,Topázio,0.4793306219095769,719,31.88,154,17.3,Reduzida,Estável / menor prioridade,False,False,Elegível
RA-342,4,3,-1,Com defasagem,4.5,7.728174603333334,8.751,6.26,7.65625,7.723333333,6.757026587266667,Ágata,0.4783516521552303,720,31.78,38,67.83,Moderada,Atenção atual,False,False,Elegível
RA-1034,2,1,0,Sem defasagem,7.5,8.0833333335,7.502,7.51,7.708333333,8.223333333,8.0333666666,Topázio,0.47694953841581283,721,31.69,141,24.32,Reduzida,Estável / menor prioridade,False,False,Elegível
RA-630,2,2,0,Sem defasagem,5.75,8.4782608695,0.0,7.51,7.5,7.666666667,6.879985507300001,Ágata,0.47528534375319514,722,31.59,142,23.78,Reduzida,Estável / menor prioridade,False,False,Elegível
RA-1162,4,1,0,Sem defasagem,5.666666666666667,9.135672514666666,7.917,6.26,6.875,7.0375,7.473167836266667,Ametista,0.47261282978954255,723,31.5,39,66.96,Moderada,Estável / menor prioridade,False,False,Elegível
RA-1389,0,0,0,Sem defasagem,10.0,9.7916666665,9.002,6.88,7.5,8.42,8.980533333299999,Topázio,0.470940843712869,724,31.4,187,5.1,Reduzida,Estável / menor prioridade,False,False,Elegível
RA-1102,3,1,1,Sem defasagem,9.333333333333334,9.390476190333333,8.751,8.13,5.9375,7.07,8.440611904733334,Topázio,0.46826305993920136,725,31.31,168,20.85,Reduzida,Estável / menor prioridade,False,False,Elegível
RA-900,1,1,0,Sem defasagem,8.5,9.318181818,9.002,8.13,8.125,8.563333333,8.802003030200002,Topázio,0.4672655071280164,726,31.21,155,16.76,Reduzida,Estável / menor prioridade,False,False,Elegível
RA-1597,4,0,-1,Com defasagem,2.833333333333333,8.412698412666666,7.5,7.51,8.125,8.28,6.7187063492,Ágata,0.4652748431895368,727,31.12,40,66.09,Moderada,Atenção atual,False,False,Elegível
RA-1431,1,0,-1,Com defasagem,8.0,7.7432712215,9.002,7.51,7.96875,9.09,7.9147292443,Ametista,0.46495287181860684,728,31.02,156,16.22,Reduzida,Atenção atual,False,False,Elegível
RA-164,5,3,-2,Com defasagem,5.666666666666667,8.084795321666666,9.585,6.26,6.25,6.886666667,6.837125731066667,Ágata,0.46455524674828325,729,30.93,28,73.0,Moderada,Atenção atual,False,False,Elegível
RA-833,2,2,0,Sem defasagem,8.0,9.3271221535,9.002,7.51,8.125,7.946666667,8.5184577641,Topázio,0.4638459705849574,730,30.83,143,23.24,Reduzida,Estável / menor prioridade,False,False,Elegível
RA-687,2,2,0,Sem defasagem,7.25,9.2355889725,7.502,7.51,8.75,8.003333333,8.2739844611,Topázio,0.4629937682639913,731,30.74,144,22.7,Reduzida,Estável / menor prioridade,False,False,Elegível
RA-1581,4,0,-1,Com defasagem,6.333333333333333,7.834844760666667,8.334,6.26,7.083333333,7.386666667,6.9787022855,Ágata,0.4628627321435736,732,30.65,41,65.22,Moderada,Atenção atual,False,False,Elegível
RA-826,1,2,-1,Com defasagem,6.75,10.0,10.002,6.26,7.5,8.59,7.9442,Ametista,0.46164974507110984,733,30.55,157,15.68,Reduzida,Atenção atual,False,False,Elegível
RA-1484,2,0,-1,Com defasagem,7.0,10.0,9.002,6.26,7.5,7.89,7.754200000000001,Ametista,0.4615139894656741,734,30.46,145,22.16,Reduzida,Atenção atual,False,False,Elegível
RA-562,3,3,0,Sem defasagem,7.833333333333333,9.833333333333334,8.334,8.135,7.625,7.25,8.392733333333334,Topázio,0.46133625455616756,735,30.36,169,20.38,Reduzida,Estável / menor prioridade,False,False,Elegível
RA-761,2,2,0,Sem defasagem,7.25,8.8636363635,8.502,6.26,8.75,8.003333333,8.174593939300001,Topázio,0.4609665218216584,736,30.27,146,21.62,Reduzida,Estável / menor prioridade,False,False,Elegível
RA-459,4,3,0,Sem defasagem,4.666666666666667,8.454106280333333,7.917,5.635,7.8125,7.366,7.233804589400001,Ametista,0.46081652563914793,737,30.17,42,64.35,Moderada,Estável / menor prioridade,False,False,Elegível
RA-1343,0,0,0,Sem defasagem,9.75,10.0,8.002,7.51,6.25,8.5,8.8262,Topázio,0.4597250244591367,738,30.08,188,4.59,Reduzida,Estável / menor prioridade,False,False,Elegível
RA-1198,5,1,-1,Com defasagem,3.5,9.458874459,8.751,7.51,7.375,7.332,6.9217748918,Ágata,0.45965901575079005,739,29.98,29,72.0,Moderada,Atenção atual,False,False,Elegível
RA-614,3,3,-1,Com defasagem,6.833333333333333,9.7,9.585,7.51,7.916666667,7.603333333,7.8284999999666685,Ametista,0.45819963733736496,740,29.89,170,19.91,Reduzida,Atenção atual,False,False,Elegível
RA-1508,2,0,0,Sem defasagem,9.25,7.2294372295,7.502,7.51,7.5,8.166666667,8.1804207793,Topázio,0.4576369966332928,741,29.79,147,21.08,Reduzida,Estável / menor prioridade,False,False,Elegível
RA-1525,3,0,0,Sem defasagem,7.0,8.293650793666666,7.917,5.63,8.541666667,7.553333333,7.778263492033334,Ametista,0.4570619195194253,742,29.7,171,19.43,Reduzida,Estável / menor prioridade,False,False,Elegível
RA-1433,1,0,-1,Com defasagem,8.75,9.068322981,8.502,7.51,8.28125,8.505,8.1939895962,Topázio,0.456563439467965,743,29.6,158,15.14,Reduzida,Atenção atual,False,False,Elegível
RA-1487,2,0,-1,Com defasagem,8.25,9.5652173915,10.002,6.26,7.708333333,7.833333333,8.0267434782,Topázio,0.4557990913658038,744,29.51,148,20.54,Reduzida,Atenção atual,False,False,Elegível
RA-113,5,3,-1,Com defasagem,6.666666666666667,7.063851181666667,8.751,7.51,7.5,7.106666667,7.043536903066667,Ametista,0.4556017138029563,745,29.41,30,71.0,Moderada,Atenção atual,False,False,Elegível
RA-1438,1,0,-1,Com defasagem,7.0,9.0,10.002,7.51,8.90625,9.175,8.176825000000001,Topázio,0.45537449416145726,746,29.32,159,14.59,Reduzida,Atenção atual,False,False,Elegível
RA-943,1,1,0,Sem defasagem,8.0,10.0,10.002,7.51,8.958333333,8.59,8.965033333300001,Topázio,0.45326931151955174,747,29.22,160,14.05,Reduzida,Estável / menor prioridade,False,False,Elegível
RA-325,3,2,0,Sem defasagem,7.0,9.866666666666667,9.168,7.51,8.333333333,7.553333333,8.385133333233336,Topázio,0.4509329388695759,748,29.13,172,18.96,Reduzida,Estável / menor prioridade,False,False,Elegível
RA-810,1,3,-1,Com defasagem,9.0,9.4736842105,7.502,5.635,6.458333333,7.7525,7.704770175400001,Ametista,0.4508322866775372,749,29.03,161,13.51,Reduzida,Atenção atual,False,False,Elegível
RA-1401,1,0,-2,Com defasagem,10.0,8.888888889,6.918,7.51,7.8125,8.085,8.1188277778,Topázio,0.44900888329476757,750,28.94,162,12.97,Reduzida,Atenção atual,False,False,Elegível
RA-1030,2,1,0,Sem defasagem,8.0,8.28320802,7.418,4.385,7.8125,7.61,7.740191604,Ametista,0.4488181125727767,751,28.84,149,20.0,Reduzida,Estável / menor prioridade,False,False,Elegível
RA-1495,2,3,0,Sem defasagem,8.25,8.318181818,9.002,7.51,8.75,8.223333333,8.4845030302,Topázio,0.4480573756113857,752,28.75,150,19.46,Reduzida,Estável / menor prioridade,False,False,Elegível
RA-1142,3,1,0,Sem defasagem,8.5,9.133333333333333,8.334,7.51,8.125,7.335,8.390566666666668,Topázio,0.4469635561977652,753,28.65,173,18.48,Reduzida,Estável / menor prioridade,False,False,Elegível
RA-1150,4,1,-2,Com defasagem,6.833333333333333,6.481481481666667,8.334,7.51,7.65625,7.946666667,7.1023212964,Ametista,0.4446340115907555,754,28.56,43,63.48,Moderada,Atenção atual,False,False,Elegível
RA-1284,0,0,0,Sem defasagem,10.0,9.347826087,9.002,2.51,7.8125,7.89,8.3800152174,Topázio,0.4443004663917553,755,28.46,189,4.08,Reduzida,Estável / menor prioridade,False,False,Elegível
RA-1169,4,1,-1,Com defasagem,6.833333333333333,8.444444444333334,6.25,5.635,7.8125,6.8,6.885305555533334,Ágata,0.44264853970898493,756,28.37,44,62.61,Moderada,Atenção atual,False,False,Elegível
RA-1619,5,0,1,Sem defasagem,4.25,9.259259259333334,7.501,7.51,7.5,7.205,7.393951851866667,Ametista,0.4411283792084856,757,28.27,31,70.0,Moderada,Estável / menor prioridade,False,False,Elegível
RA-397,4,3,-2,Com defasagem,5.666666666666667,7.885292942666666,7.918,5.63,7.625,7.398,6.807291921866668,Ágata,0.4391473765003723,758,28.18,45,61.74,Moderada,Atenção atual,False,False,Elegível
RA-1427,1,0,-1,Com defasagem,8.0,10.0,9.502,7.51,8.90625,8.6675,8.425325,Topázio,0.43893987046673083,759,28.08,163,12.43,Reduzida,Atenção atual,False,False,Elegível
RA-563,3,3,0,Sem defasagem,8.333333333333334,9.461904762,9.168,8.135,8.125,7.468,8.595447619066668,Topázio,0.43800336620377783,760,27.99,174,18.01,Reduzida,Estável / menor prioridade,False,False,Elegível
RA-40,7,3,0,Sem defasagem,5.333333333333333,7.211257310000001,7.083,8.13,8.125,6.276666667,7.098051462066667,Ametista,0.4322929742940066,761,27.89,8,81.08,Alta,Risco oculto,True,True,Elegível
RA-827,2,2,0,Sem defasagem,7.25,9.7826086955,10.002,5.01,7.65625,7.875,8.2483467391,Topázio,0.4301990783498669,762,27.8,151,18.92,Reduzida,Estável / menor prioridade,False,False,Elegível
RA-1573,4,0,-1,Com defasagem,5.0,6.120448179333334,9.168,6.26,7.65625,8.556666667,6.743847969266667,Ágata,0.42731975411631035,763,27.7,46,60.87,Moderada,Atenção atual,False,False,Elegível
RA-795,1,2,-1,Com defasagem,9.5,9.761904762,9.502,6.26,8.958333333,8.085,8.441414285700002,Topázio,0.42699751715140194,764,27.61,164,11.89,Reduzida,Atenção atual,False,False,Elegível
RA-524,3,3,0,Sem defasagem,8.666666666666666,5.111779448666667,7.083,2.51,8.333333333,7.39,7.026322556366667,Ametista,0.4266530741211238,765,27.51,175,17.54,Reduzida,Estável / menor prioridade,False,False,Elegível
RA-1616,5,0,-1,Com defasagem,6.166666666666667,8.436274509666667,8.334,7.51,7.1875,7.12,7.147738235266668,Ametista,0.4263499801562024,766,27.42,32,69.0,Moderada,Atenção atual,False,False,Elegível
RA-125,6,2,-1,Com defasagem,6.166666666666667,5.6428571430000005,8.334,7.51,7.34375,7.232,6.627079761933334,Ágata,0.4247951431286066,767,27.32,2,96.0,Muito alta,Crítico persistente,False,False,Elegível
RA-601,1,3,-1,Com defasagem,8.75,10.0,9.502,7.505,8.75,8.425,8.5107,Topázio,0.42425791567521776,768,27.23,165,11.35,Reduzida,Atenção atual,False,False,Elegível
RA-1541,3,0,0,Sem defasagem,8.166666666666666,8.633333333333333,9.168,6.88,8.25,7.736,8.337,Topázio,0.4241719888540966,769,27.13,176,17.06,Reduzida,Estável / menor prioridade,False,False,Elegível
RA-1419,1,0,0,Sem defasagem,7.5,10.0,8.502,7.51,8.958333333,8.783333333,8.7536999999,Topázio,0.423440790447334,770,27.04,166,10.81,Reduzida,Estável / menor prioridade,False,False,Elegível
RA-1452,2,0,0,Sem defasagem,7.75,10.0,9.002,7.51,7.916666667,8.17,8.6268666667,Topázio,0.42309661434989126,771,26.94,152,18.38,Reduzida,Estável / menor prioridade,False,False,Elegível
RA-819,2,2,1,Sem defasagem,9.0,7.784679089,10.002,7.51,8.4375,8.503333333,8.652552484400001,Topázio,0.4220580759265323,772,26.85,153,17.84,Reduzida,Estável / menor prioridade,False,False,Elegível
RA-1612,5,0,-2,Com defasagem,6.166666666666667,8.523809523666666,6.666,7.51,7.708333333,6.94,7.014528571366666,Ametista,0.42012510404613657,773,26.76,33,68.0,Moderada,Atenção atual,False,False,Elegível
RA-1174,5,1,0,Sem defasagem,5.0,8.349567099333333,8.751,6.26,7.5,7.266,7.374213419866667,Ametista,0.41984662598531525,774,26.66,34,67.0,Moderada,Estável / menor prioridade,False,False,Elegível
RA-1398,1,0,-1,Com defasagem,8.0,9.555335968,6.918,7.51,8.125,8.616666667,7.989700527000001,Ametista,0.41957673331623707,775,26.57,167,10.27,Reduzida,Atenção atual,False,False,Elegível
RA-666,3,2,0,Sem defasagem,7.166666666666667,7.881527348,10.002,7.51,7.5,8.375,8.185838802933334,Topázio,0.41946967443859823,776,26.47,177,16.59,Reduzida,Estável / menor prioridade,False,False,Elegível
RA-735,2,3,-1,Com defasagem,8.0,9.7826086955,8.002,6.255,7.65625,7.705,7.7888467391,Ametista,0.4186674272929288,777,26.38,154,17.3,Reduzida,Atenção atual,False,False,Elegível
RA-894,1,1,-1,Com defasagem,9.5,10.0,10.002,7.51,8.4375,8.42,8.67895,Topázio,0.417102702959017,778,26.28,168,9.73,Reduzida,Atenção atual,False,False,Elegível
RA-428,4,2,0,Sem defasagem,5.0,8.898245614,9.168,5.635,7.5,7.625,7.534949122800001,Ametista,0.416262298331239,779,26.19,47,60.0,Moderada,Estável / menor prioridade,False,False,Elegível
RA-879,1,1,-1,Com defasagem,8.5,9.090909091,9.502,6.26,7.8125,8.67,8.1096318182,Topázio,0.41443758039342177,780,26.09,169,9.19,Reduzida,Atenção atual,False,False,Elegível
RA-501,2,3,0,Sem defasagem,8.75,7.9949874685,7.002,7.51,8.4375,8.17,8.2779474937,Topázio,0.4134266375779247,781,26.0,155,16.76,Reduzida,Estável / menor prioridade,False,False,Elegível
RA-1432,1,0,-1,Com defasagem,9.5,10.0,10.002,7.51,9.21875,8.505,8.774075000000002,Topázio,0.4109135697027772,782,25.9,170,8.65,Reduzida,Atenção atual,False,False,Elegível
RA-628,2,2,-1,Com defasagem,9.0,10.0,9.002,7.51,7.1875,7.833333333,8.2366166666,Topázio,0.40956076802112157,783,25.81,156,16.22,Reduzida,Atenção atual,False,False,Elegível
RA-531,3,2,0,Sem defasagem,6.666666666666667,9.803921568666668,9.168,4.38,7.96875,7.335,7.912792647066666,Ametista,0.4094107520114754,784,25.71,178,16.11,Reduzida,Estável / menor prioridade,False,False,Elegível
RA-215,5,3,0,Sem defasagem,5.666666666666667,6.455627705333334,7.084,6.26,8.0,7.432,7.045258874400002,Ametista,0.4063786846387027,785,25.62,35,66.0,Moderada,Estável / menor prioridade,False,False,Elegível
RA-737,2,2,0,Sem defasagem,9.25,8.6542443065,8.502,6.885,7.5,8.0,8.4695488613,Topázio,0.40572259942627154,786,25.52,157,15.68,Reduzida,Estável / menor prioridade,False,False,Elegível
RA-395,4,3,1,Sem defasagem,4.333333333333333,6.921693121666666,8.751,6.26,7.25,8.464,7.169905291000001,Ametista,0.40529432046834146,787,25.43,48,59.13,Moderada,Estável / menor prioridade,False,False,Elegível
RA-1441,1,0,0,Sem defasagem,8.5,9.109730849,9.502,7.51,9.375,9.005,8.961646169800002,Topázio,0.4052888480273541,788,25.33,171,8.11,Reduzida,Estável / menor prioridade,False,False,Elegível
RA-1414,1,0,0,Sem defasagem,8.5,9.2965367965,9.502,6.885,8.75,8.835,8.840007359300001,Topázio,0.4050608285755608,789,25.24,172,7.57,Reduzida,Estável / menor prioridade,False,False,Elegível
RA-898,1,1,-1,Com defasagem,7.5,10.0,6.418,7.51,7.5,8.616666667,7.8661333334,Ametista,0.4045840955184547,790,25.14,173,7.03,Reduzida,Atenção atual,False,False,Elegível
RA-1596,4,0,-2,Com defasagem,3.333333333333333,10.0,8.751,7.51,8.229166667,8.226666667,7.261016666766667,Ametista,0.4045128684043105,791,25.05,49,58.26,Moderada,Atenção atual,False,False,Elegível
RA-1558,4,0,-1,Com defasagem,5.5,8.705360238666666,9.168,8.755,8.5,8.302,7.643772047733333,Ametista,0.4045069043910575,792,24.95,50,57.39,Moderada,Atenção atual,False,False,Elegível
RA-1285,0,0,0,Sem defasagem,8.0,8.830227742999998,10.002,2.51,7.5,8.946666667,8.156578882000002,Topázio,0.4042460552550447,793,24.86,190,3.57,Reduzida,Estável / menor prioridade,False,False,Elegível
RA-1492,2,0,1,Sem defasagem,8.0,8.8141025645,8.002,7.51,8.75,8.45,8.479020512900002,Topázio,0.403860793625831,794,24.76,158,15.14,Reduzida,Estável / menor prioridade,False,False,Elegível
RA-1019,1,1,0,Sem defasagem,8.75,9.3073593075,9.502,6.26,7.8125,8.616666667,8.692255194900001,Topázio,0.4028184976312653,795,24.67,174,6.49,Reduzida,Estável / menor prioridade,False,False,Elegível
RA-1133,3,1,1,Sem defasagem,4.5,9.841269841333334,9.168,8.75,8.125,8.83,8.238553968266668,Topázio,0.4007437472361558,796,24.57,179,15.64,Reduzida,Estável / menor prioridade,False,False,Elegível
RA-411,4,3,0,Sem defasagem,4.833333333333333,9.148148148,7.083,5.635,7.291666667,7.4125,7.279762962966667,Ametista,0.40037301584391244,797,24.48,51,56.52,Moderada,Estável / menor prioridade,False,False,Elegível
RA-1587,4,0,-2,Com defasagem,3.75,10.0,9.168,7.51,7.8125,8.2075,7.34055,Ametista,0.3978578164485351,798,24.38,52,55.65,Moderada,Atenção atual,False,False,Elegível
RA-522,2,3,0,Sem defasagem,9.0,9.523809524,8.002,7.51,8.4375,7.89,8.6777119048,Topázio,0.3969315948341852,799,24.29,159,14.59,Reduzida,Estável / menor prioridade,False,False,Elegível
RA-592,3,3,1,Sem defasagem,7.833333333333333,6.108152734666667,7.917,2.51,7.65625,7.625,7.121622213600001,Ametista,0.3957960601362478,800,24.19,180,15.17,Reduzida,Estável / menor prioridade,False,False,Elegível
RA-1628,6,0,0,Sem defasagem,5.833333333333333,8.509823509666667,8.334,7.51,6.875,6.798,7.500131368600001,Ametista,0.3928749657865317,801,24.1,3,92.0,Muito alta,Risco oculto,True,True,Elegível
RA-1310,0,0,0,Sem defasagem,10.0,9.375,8.502,2.51,7.8125,8.166666667,8.3907833334,Topázio,0.39117019486201493,802,24.0,191,3.06,Reduzida,Estável / menor prioridade,False,False,Elegível
RA-1300,0,0,-1,Com defasagem,9.0,8.75,8.502,2.51,7.5,8.613333333,7.623866666600001,Ametista,0.3910734623415252,803,23.91,192,2.55,Reduzida,Atenção atual,False,False,Elegível
RA-503,3,3,1,Sem defasagem,7.666666666666667,9.824561403666666,9.585,7.51,7.8125,7.7925,8.547495614066667,Topázio,0.3886535980041043,804,23.81,181,14.69,Reduzida,Estável / menor prioridade,False,False,Elegível
RA-1467,2,0,0,Sem defasagem,9.25,9.022556391,9.002,7.51,8.75,8.28,8.836711278200001,Topázio,0.3875771584209297,805,23.72,160,14.05,Reduzida,Estável / menor prioridade,False,False,Elegível
RA-251,5,3,-1,Com defasagem,4.5,8.612836439,8.751,5.63,6.875,7.326666667,6.7135006212,Ágata,0.38741389360160344,806,23.62,36,65.0,Moderada,Atenção atual,False,False,Elegível
RA-494,3,2,0,Sem defasagem,6.333333333333333,7.329323308333333,7.5,8.755,7.8125,8.915,7.922281328333334,Ametista,0.38625156769313906,807,23.53,182,14.22,Reduzida,Estável / menor prioridade,False,False,Elegível
RA-928,1,1,0,Sem defasagem,8.75,10.0,8.002,7.51,8.541666667,8.59,8.8733666667,Topázio,0.38595382104508297,808,23.43,175,5.95,Reduzida,Estável / menor prioridade,False,False,Elegível
RA-1052,1,1,-1,Com defasagem,8.25,9.128787879,5.834,6.26,8.59375,8.4975,7.744032575800001,Ametista,0.38382615348476967,809,23.34,176,5.41,Reduzida,Atenção atual,False,False,Elegível
RA-152,5,2,-2,Com defasagem,5.166666666666667,7.337719298333333,7.5,5.63,7.8125,7.443333333,6.5837938596,Ágata,0.3827010626720145,810,23.24,37,64.0,Moderada,Atenção atual,False,False,Elegível
RA-432,4,3,-1,Com defasagem,5.5,10.0,7.501,6.26,7.34375,7.2875,7.167975,Ametista,0.38064798045858067,811,23.15,53,54.78,Moderada,Atenção atual,False,False,Elegível
RA-1412,1,0,0,Sem defasagem,9.75,9.3073593075,10.002,7.51,8.75,8.835,9.2046718615,Topázio,0.38063070669799415,812,23.06,177,4.86,Reduzida,Estável / menor prioridade,False,False,Elegível
RA-318,5,3,-1,Com defasagem,4.666666666666667,9.129629629666669,7.917,7.51,7.34375,7.443333333,7.025000925866668,Ametista,0.3796531877557641,813,22.96,38,63.0,Moderada,Atenção atual,False,False,Elegível
RA-138,5,3,-2,Com defasagem,5.833333333333333,8.751803751666666,9.585,7.51,7.708333333,7.443333333,7.3860274169,Ametista,0.3783450721675798,814,22.87,39,62.0,Moderada,Atenção atual,False,False,Elegível
RA-271,5,2,-1,Com defasagem,7.333333333333333,8.958333333333334,9.168,6.26,7.5,6.7475,7.400633333333334,Ametista,0.37776103511394554,815,22.77,40,61.0,Moderada,Atenção atual,False,False,Elegível
RA-161,5,3,0,Sem defasagem,4.0,7.965686274666666,8.751,6.26,7.96875,7.836666667,7.258445588333334,Ametista,0.3765356186735378,816,22.68,41,60.0,Moderada,Estável / menor prioridade,False,False,Elegível
RA-131,5,3,-2,Com defasagem,5.0,9.444444444666669,8.751,7.51,7.708333333,7.386666667,7.263155555633333,Ametista,0.3759049554537123,817,22.58,42,59.0,Moderada,Atenção atual,False,False,Elegível
RA-359,4,3,1,Sem defasagem,5.5,7.162698412666667,9.168,6.26,7.5,8.333333333,7.492006349133335,Ametista,0.374763779389728,818,22.49,54,53.91,Moderada,Estável / menor prioridade,False,False,Elegível
RA-1527,3,0,0,Sem defasagem,8.0,10.0,9.168,7.51,7.96875,7.835,8.631675000000001,Topázio,0.37428312053859725,819,22.39,183,13.74,Reduzida,Estável / menor prioridade,False,False,Elegível
RA-420,4,3,1,Sem defasagem,4.0,9.557894737,8.334,6.26,7.8125,7.96,7.544228947400001,Ametista,0.37348268530572365,820,22.3,55,53.04,Moderada,Estável / menor prioridade,False,False,Elegível
RA-1189,5,1,-1,Com defasagem,7.666666666666667,8.672360248333332,9.585,7.51,7.5,7.106666667,7.6486387164,Ametista,0.3722884258372364,821,22.2,43,58.0,Moderada,Atenção atual,False,False,Elegível
RA-1593,4,0,-1,Com defasagem,6.5,4.868875086666667,6.249,6.26,9.0625,8.538,6.638525017333334,Ágata,0.37151543527846,822,22.11,56,52.17,Moderada,Atenção atual,False,False,Elegível
RA-1511,2,0,0,Sem defasagem,8.75,9.3271221535,10.002,7.51,8.4375,8.556666667,8.9217077641,Topázio,0.37056831972304183,823,22.01,161,13.51,Reduzida,Estável / menor prioridade,False,False,Elegível
RA-365,3,2,1,Sem defasagem,6.666666666666667,10.0,9.585,7.51,8.4375,8.202,8.526983333333334,Topázio,0.36655386605542656,824,21.92,184,13.27,Reduzida,Estável / menor prioridade,False,False,Elegível
RA-1472,2,2,0,Sem defasagem,8.75,10.0,8.502,7.51,7.96875,8.1275,8.773575000000001,Topázio,0.3663171987216392,825,21.82,162,12.97,Reduzida,Estável / menor prioridade,False,False,Elegível
RA-781,2,3,0,Sem defasagem,7.25,9.75,8.002,7.51,8.4375,8.506666667,8.496283333400001,Topázio,0.36480119188411103,826,21.73,163,12.43,Reduzida,Estável / menor prioridade,False,False,Elegível
RA-1575,4,0,-1,Com defasagem,5.333333333333333,8.624338624,9.168,6.885,7.65625,8.28,7.318459391466667,Ametista,0.36476576531716326,827,21.63,57,51.3,Moderada,Atenção atual,False,False,Elegível
RA-1012,0,1,-1,Com defasagem,9.75,9.523809524,9.502,2.51,8.125,8.443333333,8.057128571400002,Topázio,0.36411461248839794,828,21.54,193,2.04,Reduzida,Atenção atual,False,False,Elegível
RA-315,4,2,-1,Com defasagem,6.833333333333333,5.918518518666667,0.0,7.51,7.5,7.6275,6.0768703704,Ágata,0.36216505647947256,829,21.44,58,50.43,Moderada,Atenção atual,False,False,Elegível
RA-1121,3,1,0,Sem defasagem,6.666666666666667,10.0,9.585,7.51,7.083333333,8.28,8.407166666633334,Topázio,0.3616807278699678,830,21.35,185,12.8,Reduzida,Estável / menor prioridade,False,False,Elegível
RA-1157,3,1,-1,Com defasagem,7.0,9.082539682666663,9.585,7.51,7.96875,8.466,7.916082936533334,Ametista,0.3598296028771062,831,21.25,186,12.32,Reduzida,Atenção atual,False,False,Elegível
RA-1114,3,1,0,Sem defasagem,5.0,9.533333333333331,8.751,2.51,8.375,7.836,7.437466666666667,Ametista,0.3589023675577407,832,21.16,187,11.85,Reduzida,Estável / menor prioridade,False,False,Elegível
RA-718,2,2,1,Sem defasagem,9.5,9.5138888885,10.002,5.635,7.5,7.946666667,8.705811111100001,Topázio,0.3575821642121083,833,21.06,164,11.89,Reduzida,Estável / menor prioridade,False,False,Elegível
RA-1584,4,0,-1,Com defasagem,5.5,9.153439153333332,8.334,7.51,7.8125,8.1675,7.429837830666667,Ametista,0.3555302408330644,834,20.97,59,49.57,Reduzida,Atenção atual,False,False,Elegível
RA-1220,6,1,-1,Com defasagem,7.666666666666667,8.555555555666666,7.083,6.885,7.5,6.26,7.143244444466667,Ametista,0.35202967449163497,835,20.87,4,88.0,Alta,Crítico persistente,False,False,Elegível
RA-426,4,2,-1,Com defasagem,4.833333333333333,7.905056759666666,7.917,4.38,7.65625,8.0,6.6430030186,Ágata,0.35158615727445175,836,20.78,60,48.7,Reduzida,Atenção atual,False,False,Elegível
RA-1020,1,1,0,Sem defasagem,9.0,9.7727272725,9.002,6.88,8.4375,8.84,8.9544954545,Topázio,0.3483563651381591,837,20.68,178,4.32,Reduzida,Estável / menor prioridade,False,False,Elegível
RA-730,2,3,0,Sem defasagem,9.5,7.152777778,8.002,6.885,9.166666667,8.666666667,8.469255555700002,Topázio,0.34491808081628156,838,20.59,165,11.35,Reduzida,Estável / menor prioridade,False,False,Elegível
RA-1463,2,0,0,Sem defasagem,10.0,9.722222222,8.502,7.51,9.0625,8.113333333,9.074561111,Topázio,0.34435236567069927,839,20.49,166,10.81,Reduzida,Estável / menor prioridade,False,False,Elegível
RA-513,3,3,1,Sem defasagem,7.666666666666667,8.831746031666666,10.002,8.135,9.0625,8.545,8.728632539666668,Topázio,0.3440331676856069,840,20.4,188,11.37,Reduzida,Estável / menor prioridade,False,False,Elegível
RA-588,3,3,1,Sem defasagem,7.833333333333333,9.833333333333334,9.168,7.51,8.75,8.0,8.676133333333334,Topázio,0.3438029301788843,841,20.3,189,10.9,Reduzida,Estável / menor prioridade,False,False,Elegível
RA-160,5,3,-1,Com defasagem,5.666666666666667,7.416666666666667,8.334,6.26,7.34375,7.723333333,6.855108333266668,Ágata,0.3436802420354512,842,20.21,44,57.0,Moderada,Atenção atual,False,False,Elegível
RA-319,5,2,0,Sem defasagem,5.833333333333333,9.024122807,9.585,7.51,7.34375,7.666666667,7.948699561466667,Ametista,0.3407397808787848,843,20.11,45,56.0,Moderada,Estável / menor prioridade,False,False,Elegível
RA-745,2,3,0,Sem defasagem,8.5,10.0,9.002,6.26,7.5,8.17,8.6102,Topázio,0.33748187455779655,844,20.02,167,10.27,Reduzida,Estável / menor prioridade,False,False,Elegível
RA-147,5,2,-1,Com defasagem,6.166666666666667,9.277056277,8.334,7.51,7.5,7.386666667,7.400477922133334,Ametista,0.336790761650721,845,19.92,46,55.0,Moderada,Atenção atual,False,False,Elegível
RA-121,5,3,-2,Com defasagem,8.833333333333334,8.152958153,8.751,6.26,7.25,6.764,7.476158297266668,Ametista,0.33669879688479704,846,19.83,47,54.0,Moderada,Atenção atual,False,False,Elegível
RA-220,5,2,0,Sem defasagem,6.833333333333333,8.198051948,8.751,6.26,7.25,7.332,7.6987770562666675,Ametista,0.33648948863356615,847,19.73,48,53.0,Moderada,Estável / menor prioridade,False,False,Elegível
RA-332,4,3,-1,Com defasagem,7.0,7.605358505000001,9.585,9.38,8.625,8.706,8.421271701,Topázio,0.3364794897248535,848,19.64,61,47.83,Reduzida,Atenção atual,False,False,Elegível
RA-1188,5,1,-1,Com defasagem,7.0,10.0,9.168,7.51,8.125,7.106666667,7.801633333400001,Ametista,0.3357876986747698,849,19.54,49,52.0,Moderada,Atenção atual,False,False,Elegível
RA-586,3,3,1,Sem defasagem,8.5,9.241269841333333,9.168,7.51,8.75,8.056666667,8.702387301666668,Topázio,0.33445249737301463,850,19.45,190,10.43,Reduzida,Estável / menor prioridade,False,False,Elegível
RA-721,2,3,0,Sem defasagem,8.25,9.5445134575,9.002,8.135,8.75,8.755,8.8986026915,Topázio,0.3326840455588633,851,19.35,168,9.73,Reduzida,Estável / menor prioridade,False,False,Elegível
RA-1131,3,1,0,Sem defasagem,8.333333333333334,9.277777777666666,8.334,6.255,7.291666667,7.893333333,8.2889555555,Topázio,0.32780372876801905,852,19.26,191,9.95,Reduzida,Estável / menor prioridade,False,False,Elegível
RA-339,4,3,1,Sem defasagem,8.166666666666666,7.155537064000001,7.5,5.635,8.0,7.668,7.711540746133334,Ametista,0.32294721217177363,853,19.17,62,46.96,Reduzida,Estável / menor prioridade,False,False,Elegível
RA-733,1,2,-1,Com defasagem,9.25,10.0,10.002,7.51,8.90625,9.085,8.808825,Topázio,0.32193921357951427,854,19.07,179,3.78,Reduzida,Atenção atual,False,False,Elegível
RA-199,4,2,-1,Com defasagem,7.166666666666667,7.554824561666667,8.334,6.88,8.125,8.206,7.419398245666667,Ametista,0.32191360368605154,855,18.98,63,46.09,Reduzida,Atenção atual,False,False,Elegível
RA-952,1,1,0,Sem defasagem,8.5,9.545454545,9.502,6.26,8.333333333,9.175,8.853624242300002,Topázio,0.32067970809836527,856,18.88,180,3.24,Reduzida,Estável / menor prioridade,False,False,Elegível
RA-1344,0,0,0,Sem defasagem,10.0,10.0,8.502,7.51,8.75,9.425,9.3612,Topázio,0.3193622712433667,857,18.79,194,1.53,Reduzida,Estável / menor prioridade,False,False,Elegível
RA-670,3,2,1,Sem defasagem,8.666666666666666,9.441269841333334,9.585,7.51,8.958333333,8.166666667,8.8602539683,Topázio,0.3179119580269747,858,18.69,192,9.48,Reduzida,Estável / menor prioridade,False,False,Elegível
RA-383,4,3,1,Sem defasagem,5.833333333333333,8.600288600333334,9.168,7.51,7.875,8.47,8.036024386733335,Topázio,0.3170106701877261,859,18.6,64,45.22,Reduzida,Estável / menor prioridade,False,False,Elegível
RA-829,2,2,1,Sem defasagem,8.0,9.75,9.502,9.38,8.90625,9.215,9.171825000000002,Topázio,0.31682450205597734,860,18.5,169,9.19,Reduzida,Estável / menor prioridade,False,False,Elegível
RA-1578,4,0,1,Sem defasagem,7.333333333333333,6.761695906666667,8.334,7.51,7.5,8.636,7.880605848,Ametista,0.31655770557934026,861,18.41,65,44.35,Reduzida,Estável / menor prioridade,False,False,Elegível
RA-1064,2,1,0,Sem defasagem,8.5,9.7368421055,9.502,7.51,8.75,8.783333333,8.9802350877,Topázio,0.31594857693527323,862,18.31,170,8.65,Reduzida,Estável / menor prioridade,False,False,Elegível
RA-239,4,3,-3,Com defasagem,6.666666666666667,6.361737677333333,8.751,5.635,7.875,8.502,6.782180868800001,Ágata,0.31465683690547136,863,18.22,66,43.48,Reduzida,Atenção atual,False,False,Elegível
RA-1537,3,0,-1,Com defasagem,8.666666666666666,8.33064949,9.168,8.135,8.125,8.67,8.176263231333333,Topázio,0.3142878955298624,864,18.12,193,9.0,Reduzida,Atenção atual,False,False,Elegível
RA-123,6,3,-1,Com defasagem,7.166666666666667,8.412698412666666,7.5,5.635,6.71875,6.43,6.887248015866668,Ágata,0.31342764627690645,865,18.03,5,84.0,Alta,Crítico persistente,False,False,Elegível
RA-1068,2,1,0,Sem defasagem,9.5,9.068181818,9.502,7.51,8.541666667,8.73,9.0150030303,Topázio,0.31284462090541904,866,17.93,171,8.11,Reduzida,Estável / menor prioridade,False,False,Elegível
RA-1024,1,1,-1,Com defasagem,10.0,10.0,8.002,7.51,8.4375,8.783333333,8.6516166666,Topázio,0.30988177570162995,867,17.84,181,2.7,Reduzida,Atenção atual,False,False,Elegível
RA-651,3,2,1,Sem defasagem,7.5,10.0,9.168,7.51,8.541666667,8.336666667,8.689300000100001,Topázio,0.30874174087696604,868,17.74,194,8.53,Reduzida,Estável / menor prioridade,False,False,Elegível
RA-450,4,3,-1,Com defasagem,7.5,8.954191033333332,8.751,5.63,7.8125,7.58,7.526188206666666,Ametista,0.30872883425414643,869,17.65,67,42.61,Reduzida,Atenção atual,False,False,Elegível
RA-467,4,2,0,Sem defasagem,6.833333333333333,9.140350877333333,7.917,5.01,7.34375,7.54,7.729811842133333,Ametista,0.30809179968523304,870,17.55,68,41.74,Reduzida,Estável / menor prioridade,False,False,Elegível
RA-308,5,3,1,Sem defasagem,6.5,8.714912280666667,7.083,5.635,7.5,7.1225,7.489282456133334,Ametista,0.3076412319567313,871,17.46,50,51.0,Moderada,Estável / menor prioridade,False,False,Elegível
RA-92,7,3,0,Sem defasagem,7.5,8.769145085,10.002,7.51,7.8125,6.33,8.052279017,Topázio,0.30637651010341194,872,17.36,9,78.38,Alta,Risco oculto,True,True,Elegível
RA-217,5,3,-1,Com defasagem,7.833333333333333,8.917748917666666,8.334,6.26,7.125,6.994,7.4209164502,Ametista,0.3047181219914438,873,17.27,51,50.0,Moderada,Atenção atual,False,False,Elegível
RA-539,3,2,0,Sem defasagem,5.833333333333333,9.233333333333333,10.002,7.51,8.75,9.13,8.465533333333335,Topázio,0.30451720225514894,874,17.17,195,8.06,Reduzida,Estável / menor prioridade,False,False,Elegível
RA-1566,4,0,-2,Com defasagem,6.5,9.247219355666669,9.168,7.51,7.75,8.335,7.759243871133334,Ametista,0.30427831821531665,875,17.08,69,40.87,Reduzida,Atenção atual,False,False,Elegível
RA-313,4,2,-1,Com defasagem,4.833333333333333,9.666666666666666,8.751,5.63,7.8125,8.1675,7.25285,Ametista,0.30415249008384276,876,16.98,70,40.0,Reduzida,Atenção atual,False,False,Elegível
RA-755,1,2,-1,Com defasagem,9.75,10.0,10.002,7.51,9.0625,9.09,8.925450000000001,Topázio,0.30295375879726805,877,16.89,182,2.16,Reduzida,Atenção atual,False,False,Elegível
RA-471,4,3,0,Sem defasagem,5.5,7.027568922333333,0.0,7.51,7.708333333,8.0425,6.635847117766667,Ágata,0.3026993151626787,878,16.79,71,39.13,Reduzida,Estável / menor prioridade,False,False,Elegível
RA-1601,5,0,-1,Com defasagem,6.5,7.0,8.751,7.51,7.5,8.335,7.2431,Ametista,0.3025286587259567,879,16.7,52,49.0,Reduzida,Atenção atual,False,False,Elegível
RA-384,4,3,0,Sem defasagem,7.5,8.607503607333333,7.5,7.51,7.625,7.936,8.072200721466668,Topázio,0.30223968393638495,880,16.6,72,38.26,Reduzida,Estável / menor prioridade,False,False,Elegível
RA-602,3,3,0,Sem defasagem,7.333333333333333,9.670588235333334,9.585,7.51,8.28125,8.545,8.647409313733334,Topázio,0.29985647535598847,881,16.51,196,7.58,Reduzida,Estável / menor prioridade,False,False,Elegível
RA-1563,4,0,-1,Com defasagem,7.0,8.305555555666666,8.751,7.51,7.25,8.46,7.604211111133335,Ametista,0.2991813993334657,882,16.41,73,37.39,Reduzida,Atenção atual,False,False,Elegível
RA-1599,5,0,-2,Com defasagem,6.5,9.666666666666666,8.334,7.51,7.75,7.566,7.6059333333333345,Ametista,0.2968176850910425,883,16.32,53,48.0,Reduzida,Atenção atual,False,False,Elegível
RA-457,4,2,1,Sem defasagem,8.666666666666666,8.743961352333335,8.334,7.51,9.6875,7.77,8.5892756038,Topázio,0.2965777122526203,884,16.22,74,36.52,Reduzida,Estável / menor prioridade,False,False,Elegível
RA-576,2,2,0,Sem defasagem,9.25,10.0,8.502,7.51,7.8125,8.4975,8.93195,Topázio,0.29541568836736126,885,16.13,172,7.57,Reduzida,Estável / menor prioridade,False,False,Elegível
RA-57,7,3,0,Sem defasagem,6.166666666666667,6.010860484333333,9.585,6.88,8.59375,7.39,7.419380430199999,Ametista,0.2953396208507994,886,16.03,10,75.68,Alta,Risco oculto,True,True,Elegível
RA-1568,4,0,-1,Com defasagem,8.166666666666666,7.493464052333334,9.168,7.51,8.0,8.5025,7.8003261438,Ametista,0.2894887925627536,887,15.94,75,35.65,Reduzida,Atenção atual,False,False,Elegível
RA-861,0,1,-1,Com defasagem,10.0,10.0,9.502,7.51,8.125,9.73,8.959700000000002,Topázio,0.2879462065159546,888,15.84,195,1.02,Reduzida,Atenção atual,False,False,Elegível
RA-1629,6,0,-1,Com defasagem,7.25,8.645502645666667,9.585,7.51,7.1875,7.266,7.560550529133334,Ametista,0.28768641468601386,889,15.75,6,80.0,Alta,Crítico persistente,False,False,Elegível
RA-1149,4,1,-1,Com defasagem,6.0,10.0,8.334,10.0,8.625,8.706,8.1371,Topázio,0.28767474472155036,890,15.65,76,34.78,Reduzida,Atenção atual,False,False,Elegível
RA-346,3,2,0,Sem defasagem,6.166666666666667,9.149206349333332,10.002,2.51,7.96875,8.2525,7.761749603200001,Ametista,0.287012098156563,891,15.56,197,7.11,Reduzida,Estável / menor prioridade,False,False,Elegível
RA-1439,1,0,-1,Com defasagem,8.5,10.0,7.502,7.51,9.375,9.345,8.507700000000002,Topázio,0.2866278502416832,892,15.46,183,1.62,Reduzida,Atenção atual,False,False,Elegível
RA-1171,4,1,-1,Com defasagem,7.5,7.230158729999999,8.334,7.51,8.645833333,8.643333333,7.6236817459,Ametista,0.2855921411045835,893,15.37,77,33.91,Reduzida,Atenção atual,False,False,Elegível
RA-1065,2,1,0,Sem defasagem,9.25,8.8152173915,9.502,6.26,9.0625,8.84,8.8634934783,Topázio,0.28520178047369016,894,15.28,173,7.03,Reduzida,Estável / menor prioridade,False,False,Elegível
RA-347,4,3,1,Sem defasagem,7.666666666666667,9.673046252,8.751,6.885,8.0,7.766,8.384742583733333,Topázio,0.28229708831592876,895,15.18,78,33.04,Reduzida,Estável / menor prioridade,False,False,Elegível
RA-301,4,3,0,Sem defasagem,9.0,7.494736842333332,9.168,7.51,8.020833333,8.21,8.410830701766667,Topázio,0.28096807053870865,896,15.09,79,32.17,Reduzida,Estável / menor prioridade,False,False,Elegível
RA-834,2,2,0,Sem defasagem,8.75,9.109730849,8.002,6.26,7.708333333,8.723333333,8.513646169700001,Topázio,0.27819614553076494,897,14.99,174,6.49,Reduzida,Estável / menor prioridade,False,False,Elegível
RA-204,4,3,0,Sem defasagem,7.5,6.827094474333333,9.168,6.26,7.125,8.5875,7.838218894866668,Ametista,0.27817581177741535,898,14.9,80,31.3,Reduzida,Estável / menor prioridade,False,False,Elegível
RA-1093,3,1,0,Sem defasagem,8.666666666666666,7.722222222333333,7.5,8.13,8.90625,8.8825,8.5079027778,Topázio,0.27722276161810033,899,14.8,198,6.64,Reduzida,Estável / menor prioridade,False,False,Elegível
RA-338,4,3,0,Sem defasagem,6.833333333333333,7.441643324,9.168,7.51,7.625,8.8375,8.052795331466667,Topázio,0.2766926091881447,900,14.71,81,30.43,Reduzida,Estável / menor prioridade,False,False,Elegível
RA-1533,3,0,0,Sem defasagem,9.5,9.710144927666668,9.168,8.135,8.5,8.3375,9.089828985533336,Topázio,0.276515079901897,901,14.61,199,6.16,Reduzida,Estável / menor prioridade,False,False,Elegível
RA-1434,1,0,-1,Com defasagem,9.0,7.9813664595,8.502,6.26,9.53125,9.76,8.2775982919,Topázio,0.2750010310938723,902,14.52,184,1.08,Reduzida,Atenção atual,False,False,Elegível
RA-610,3,2,1,Sem defasagem,6.333333333333333,9.694444444333334,9.585,3.76,6.875,8.336666667,7.894888888933334,Ametista,0.2744764839431199,903,14.42,200,5.69,Reduzida,Estável / menor prioridade,False,False,Elegível
RA-283,4,3,-2,Com defasagem,8.0,9.761904762,8.751,6.885,7.8125,7.736,7.9444309524,Ametista,0.2715085762958652,904,14.33,82,29.57,Reduzida,Atenção atual,False,False,Elegível
RA-1184,5,1,-1,Com defasagem,7.666666666666667,8.658008657666668,6.666,7.51,7.291666667,7.5,7.411701731566668,Ametista,0.2712661511109332,905,14.23,54,47.0,Reduzida,Atenção atual,False,False,Elegível
RA-412,4,3,0,Sem defasagem,7.333333333333333,8.456140351,8.334,6.26,8.020833333,8.125,8.044378070166667,Topázio,0.2709980848093705,906,14.14,83,28.7,Reduzida,Estável / menor prioridade,False,False,Elegível
RA-1476,2,0,0,Sem defasagem,8.5,10.0,9.502,5.635,8.4375,8.7525,8.80795,Topázio,0.26934573116942856,907,14.04,175,5.95,Reduzida,Estável / menor prioridade,False,False,Elegível
RA-785,2,2,0,Sem defasagem,9.0,10.0,9.502,7.51,8.75,8.893333333,9.1548666666,Topázio,0.26805217629634615,908,13.95,176,5.41,Reduzida,Estável / menor prioridade,False,False,Elegível
RA-1061,2,1,0,Sem defasagem,8.5,10.0,8.502,6.26,8.4375,8.73,8.76595,Topázio,0.2666769271182125,909,13.85,177,4.86,Reduzida,Estável / menor prioridade,False,False,Elegível
RA-1570,4,0,-1,Com defasagem,8.333333333333334,7.542087542,9.585,7.51,7.75,8.6725,7.894084175066667,Ametista,0.26649496200853534,910,13.76,84,27.83,Reduzida,Atenção atual,False,False,Elegível
RA-1609,5,0,-2,Com defasagem,6.0,9.666666666666666,8.334,7.51,7.708333333,7.943333333,7.577233333233334,Ametista,0.2654301681955446,911,13.66,55,46.0,Reduzida,Atenção atual,False,False,Elegível
RA-143,7,3,2,Sem defasagem,2.6333333333333333,9.92,10.002,6.885,7.5,7.5,7.449366666666667,Ametista,0.2651871120231993,912,13.57,11,72.97,Moderada,Estável / menor prioridade,False,False,Elegível
RA-85,5,2,-2,Com defasagem,7.666666666666667,8.668046928999999,8.334,3.755,6.25,6.993333333,6.999509385733333,Ágata,0.2643342448655554,913,13.47,56,45.0,Reduzida,Atenção atual,False,False,Elegível
RA-1574,4,0,-1,Com defasagem,7.333333333333333,8.399470899666667,8.751,7.51,7.8125,8.616666667,7.777244180000001,Ametista,0.26404401110247194,914,13.38,85,26.96,Reduzida,Atenção atual,False,False,Elegível
RA-688,2,2,0,Sem defasagem,7.5,10.0,9.502,8.13,8.333333333,9.45,8.986533333300002,Topázio,0.2632317496392228,915,13.28,178,4.32,Reduzida,Estável / menor prioridade,False,False,Elegível
RA-456,3,2,0,Sem defasagem,6.5,9.382456140333334,7.083,7.51,9.166666667,8.893333333,8.331124561366668,Topázio,0.2624385634309655,916,13.19,201,5.21,Reduzida,Estável / menor prioridade,False,False,Elegível
RA-1523,3,0,1,Sem defasagem,8.166666666666666,9.283272283333334,6.666,8.755,8.90625,8.755,8.67371279,Topázio,0.26215967970944654,917,13.09,202,4.74,Reduzida,Estável / menor prioridade,False,False,Elegível
RA-179,4,2,1,Sem defasagem,8.166666666666666,9.407894737,9.168,9.38,8.75,8.44,8.932712280733334,Topázio,0.26125102341945955,918,13.0,86,26.09,Reduzida,Estável / menor prioridade,False,False,Elegível
RA-1602,5,0,0,Sem defasagem,7.166666666666667,8.782407407333332,7.917,7.51,7.34375,7.875,8.041889814800001,Topázio,0.26058834330573155,919,12.9,57,44.0,Reduzida,Estável / menor prioridade,False,False,Elegível
RA-202,5,3,-1,Com defasagem,7.5,7.880952381,8.334,6.26,7.65625,7.75,7.3512154762,Ametista,0.2571015255616122,920,12.81,58,43.0,Reduzida,Atenção atual,False,False,Elegível
RA-170,4,3,-1,Com defasagem,8.0,8.5,9.168,5.635,7.604166667,8.028333333,7.646383333300001,Ametista,0.2568040400588226,921,12.71,87,25.22,Reduzida,Atenção atual,False,False,Elegível
RA-211,5,3,0,Sem defasagem,7.0,9.379509379666668,9.585,7.51,7.25,7.866,8.283601875933334,Topázio,0.25360349044500674,922,12.62,59,42.0,Reduzida,Estável / menor prioridade,False,False,Elegível
RA-1303,0,0,0,Sem defasagem,10.0,10.0,10.002,2.51,7.5,9.17,8.8352,Topázio,0.2526542680350791,923,12.52,196,0.51,Reduzida,Estável / menor prioridade,False,False,Elegível
RA-1567,4,0,-2,Com defasagem,8.166666666666666,8.771043771,8.334,7.51,7.75,8.335,7.913942087533334,Ametista,0.2523128926764323,924,12.43,88,24.35,Reduzida,Atenção atual,False,False,Elegível
RA-1166,4,1,-1,Com defasagem,6.333333333333333,8.498245614,8.334,6.26,8.020833333,8.625,7.452799122766667,Ametista,0.2519366715028511,925,12.33,89,23.48,Reduzida,Atenção atual,False,False,Elegível
RA-1195,5,2,-2,Com defasagem,6.166666666666667,9.855072463666666,9.585,5.63,7.5,7.663333333,7.508514492666666,Ametista,0.2511040243920601,926,12.24,60,41.0,Reduzida,Atenção atual,False,False,Elegível
RA-516,3,3,1,Sem defasagem,8.833333333333334,10.0,10.002,2.51,8.541666667,7.56,8.384033333366668,Topázio,0.24849067505174954,927,12.14,203,4.27,Reduzida,Estável / menor prioridade,False,False,Elegível
RA-1623,6,0,0,Sem defasagem,6.0,8.518518518666667,9.168,6.26,7.8125,7.666,7.7609537037333345,Ametista,0.24839438685059517,928,12.05,7,76.0,Alta,Risco oculto,True,True,Elegível
RA-1510,2,0,0,Sem defasagem,10.0,9.7727272725,10.002,7.51,9.583333333,9.003333333,9.4647454544,Topázio,0.2480634644922732,929,11.95,179,3.78,Reduzida,Estável / menor prioridade,False,False,Elegível
RA-1173,5,1,0,Sem defasagem,5.833333333333333,9.665831245,9.168,7.51,8.125,8.2,8.220132915666667,Topázio,0.2460851311679413,930,11.86,61,40.0,Reduzida,Estável / menor prioridade,False,False,Elegível
RA-816,2,2,0,Sem defasagem,9.25,9.7727272725,7.002,7.51,9.166666667,8.786666667,8.929745454599999,Topázio,0.24527486749656868,931,11.76,180,3.24,Reduzida,Estável / menor prioridade,False,False,Elegível
RA-1561,4,0,-1,Com defasagem,9.0,9.174603174666666,9.585,5.0,8.0,7.734,7.940220634933333,Ametista,0.24457620292517684,932,11.67,90,22.61,Reduzida,Atenção atual,False,False,Elegível
RA-1572,4,0,-1,Com defasagem,7.5,9.841269841333334,9.168,7.51,7.65625,8.393333333,8.080345634866667,Topázio,0.24176692071007205,933,11.57,91,21.74,Reduzida,Atenção atual,False,False,Elegível
RA-1094,3,1,0,Sem defasagem,7.333333333333333,9.523809523666666,9.168,2.51,8.4375,8.1675,8.0164785714,Topázio,0.23932811679251847,934,11.48,204,3.79,Reduzida,Estável / menor prioridade,False,False,Elegível
RA-1571,4,0,-1,Com defasagem,5.666666666666667,9.111111111333337,8.334,5.005,7.5,8.545,7.2484555556,Ametista,0.23903733256343565,935,11.39,92,20.87,Reduzida,Atenção atual,False,False,Elegível
RA-417,4,2,0,Sem defasagem,8.833333333333334,8.401559454333333,8.334,7.51,8.4375,8.2925,8.533628557533333,Topázio,0.23815889027638742,936,11.29,93,20.0,Reduzida,Estável / menor prioridade,False,False,Elegível
RA-1615,5,0,0,Sem defasagem,8.333333333333334,9.833333333333334,7.917,7.51,7.5,7.4575,8.417533333333333,Topázio,0.23735693180396342,937,11.2,62,39.0,Reduzida,Estável / menor prioridade,False,False,Elegível
RA-1023,2,1,0,Sem defasagem,9.5,9.511904762,9.502,9.375,8.958333333,9.563333333,9.4985809523,Topázio,0.2360171288968716,938,11.1,181,2.7,Reduzida,Estável / menor prioridade,False,False,Elegível
RA-421,4,3,1,Sem defasagem,6.666666666666667,9.540744978333334,8.751,7.51,9.0625,8.572,8.488232329,Topázio,0.23554064557731866,939,11.01,94,19.13,Reduzida,Estável / menor prioridade,False,False,Elegível
RA-181,5,3,0,Sem defasagem,4.333333333333333,8.737373737333334,7.5,6.26,7.625,8.436,7.439841414133334,Ametista,0.23552829205332854,940,10.91,63,38.0,Reduzida,Estável / menor prioridade,False,False,Elegível
RA-299,5,3,1,Sem defasagem,8.166666666666666,8.963768115999999,8.751,6.26,7.5,7.5,8.177186956533333,Topázio,0.2347372545169856,941,10.82,64,37.0,Reduzida,Estável / menor prioridade,False,False,Elegível
RA-1155,4,1,-1,Com defasagem,4.666666666666667,8.888888889,8.334,5.005,8.0,8.87,7.119011111133333,Ametista,0.234519314580777,942,10.72,95,18.26,Reduzida,Atenção atual,False,False,Elegível
RA-1059,2,1,0,Sem defasagem,7.5,10.0,8.002,6.26,9.0625,9.23,8.678450000000002,Topázio,0.23196071194353624,943,10.63,182,2.16,Reduzida,Estável / menor prioridade,False,False,Elegível
RA-260,4,3,0,Sem defasagem,7.0,9.674603174666666,8.751,7.51,7.875,8.502,8.448920634933334,Topázio,0.22901657298479558,944,10.53,96,17.39,Reduzida,Estável / menor prioridade,False,False,Elegível
RA-1598,5,0,0,Sem defasagem,7.5,8.857142857,9.585,7.51,8.375,8.236,8.4656285714,Topázio,0.2280670359978207,945,10.44,65,36.0,Reduzida,Estável / menor prioridade,False,False,Elegível
RA-1096,3,1,1,Sem defasagem,8.5,9.866666666666667,9.168,8.755,9.0625,9.09,9.189883333333334,Topázio,0.2220287774837725,946,10.34,205,3.32,Reduzida,Estável / menor prioridade,False,False,Elegível
RA-1576,4,0,-1,Com defasagem,6.666666666666667,9.523809523666666,8.334,5.635,6.40625,8.44,7.463620238066666,Ametista,0.22082962223894942,947,10.25,97,16.52,Reduzida,Atenção atual,False,False,Elegível
RA-502,2,3,0,Sem defasagem,8.0,9.761904762,9.002,3.755,9.0625,8.84,8.5023309524,Topázio,0.21842074589200242,948,10.15,183,1.62,Reduzida,Estável / menor prioridade,False,False,Elegível
RA-500,3,3,0,Sem defasagem,6.666666666666667,10.0,9.585,2.51,8.59375,8.3775,8.077708333333334,Topázio,0.21587288938101232,949,10.06,206,2.84,Reduzida,Estável / menor prioridade,False,False,Elegível
RA-1580,4,0,-1,Com defasagem,6.166666666666667,9.049953314666666,8.751,7.51,7.875,9.168,7.790523996266667,Ametista,0.21474899159464633,950,9.96,98,15.65,Reduzida,Atenção atual,False,False,Elegível
RA-78,7,3,-1,Com defasagem,7.5,8.028404344,8.751,8.755,8.4375,7.39,8.1780308688,Topázio,0.21395300674178125,951,9.87,12,70.27,Moderada,Atenção atual,False,False,Elegível
RA-183,4,2,0,Sem defasagem,7.5,9.249011857666666,7.917,6.26,8.25,8.372,8.266902371533334,Topázio,0.2103955652990149,952,9.77,99,14.78,Reduzida,Estável / menor prioridade,False,False,Elegível
RA-321,5,2,1,Sem defasagem,7.166666666666667,9.534706331,7.917,6.26,8.125,7.776666667,8.125807932933334,Topázio,0.20991841520823162,953,9.68,66,35.0,Reduzida,Estável / menor prioridade,False,False,Elegível
RA-1560,4,0,1,Sem defasagem,8.166666666666666,9.206349206333334,9.168,5.635,8.5,8.336,8.4721031746,Topázio,0.2091506879817766,954,9.58,100,13.91,Reduzida,Estável / menor prioridade,False,False,Elegível
RA-1603,5,0,-1,Com defasagem,8.333333333333334,9.259259258999998,7.5,7.51,7.5,7.835,7.836518518466668,Ametista,0.20844724416192714,955,9.49,67,34.0,Reduzida,Atenção atual,False,False,Elegível
RA-247,4,3,0,Sem defasagem,4.333333333333333,8.306595365666666,0.0,6.26,7.75,8.5875,6.646485739800001,Ágata,0.20307933384770332,956,9.39,101,13.04,Reduzida,Estável / menor prioridade,False,False,Elegível
RA-106,6,3,0,Sem defasagem,5.666666666666667,8.761904762,9.168,5.635,7.8125,7.872,7.721664285733334,Ametista,0.19980030848604613,957,9.3,8,72.0,Moderada,Estável / menor prioridade,False,False,Elegível
RA-487,3,3,0,Sem defasagem,9.666666666666666,9.441269841333334,9.168,9.38,9.0625,9.1725,9.4171373016,Topázio,0.19626331002779088,958,9.2,207,2.37,Reduzida,Estável / menor prioridade,False,False,Elegível
RA-1590,4,0,-1,Com defasagem,8.666666666666666,8.267770876333332,7.917,7.51,10.0,8.806,8.1907875086,Topázio,0.19605168941659554,959,9.11,102,12.17,Reduzida,Atenção atual,False,False,Elegível
RA-958,1,1,0,Sem defasagem,10.0,10.0,10.002,6.26,9.53125,9.76,9.531325,Topázio,0.19387459496226783,960,9.01,185,0.54,Reduzida,Estável / menor prioridade,False,False,Elegível
RA-1624,6,0,-1,Com defasagem,7.5,9.460317460333334,7.917,7.51,7.8125,7.636,7.743213492066667,Ametista,0.18874067937001232,961,8.92,9,68.0,Moderada,Atenção atual,False,False,Elegível
RA-1210,6,1,0,Sem defasagem,5.5,10.0,9.585,7.51,7.875,8.166,8.2302,Topázio,0.18873824457885027,962,8.82,10,64.0,Moderada,Estável / menor prioridade,False,False,Elegível
RA-320,5,2,0,Sem defasagem,6.666666666666667,10.0,9.168,7.51,7.65625,8.3775,8.442258333333335,Topázio,0.18778211356586444,963,8.73,68,33.0,Reduzida,Estável / menor prioridade,False,False,Elegível
RA-543,3,2,1,Sem defasagem,6.833333333333333,9.616977225666666,8.751,2.51,8.90625,8.7,8.0467871118,Topázio,0.18429174846272245,964,8.63,208,1.9,Reduzida,Estável / menor prioridade,False,False,Elegível
RA-91,6,3,-1,Com defasagem,7.333333333333333,7.476190476333334,10.002,5.635,7.875,8.068,7.426704761933335,Ametista,0.18245284911643408,965,8.54,11,60.0,Moderada,Atenção atual,False,False,Elegível
RA-1583,4,0,-1,Com defasagem,8.166666666666666,7.753623188333333,7.917,6.26,9.166666667,9.006666667,7.8197579711,Ametista,0.18083968449495652,966,8.44,103,11.3,Reduzida,Atenção atual,False,False,Elegível
RA-42,6,3,-1,Com defasagem,8.166666666666666,9.682539682666668,9.168,5.635,6.796875,7.134,7.656628769866667,Ametista,0.18080444789276098,967,8.35,12,56.0,Moderada,Atenção atual,False,False,Elegível
RA-165,5,3,0,Sem defasagem,8.5,9.431042884999998,7.5,7.51,7.96875,7.893333333,8.4627502436,Topázio,0.17985199876750946,968,8.25,69,32.0,Reduzida,Estável / menor prioridade,False,False,Elegível
RA-1163,4,1,0,Sem defasagem,7.833333333333333,9.824561403666666,8.334,7.51,8.125,8.755,8.6794789474,Topázio,0.17971413938296169,969,8.16,104,10.43,Reduzida,Estável / menor prioridade,False,False,Elegível
RA-1177,5,1,0,Sem defasagem,7.333333333333333,9.824561403666666,8.751,6.26,7.65625,8.125,8.3233039474,Topázio,0.17682662905936533,970,8.06,70,31.0,Reduzida,Estável / menor prioridade,False,False,Elegível
RA-1226,7,3,0,Sem defasagem,6.066666666666666,9.0,8.334,6.885,7.5,7.5,7.785233333333334,Ametista,0.17354045465370121,971,7.97,13,67.57,Moderada,Estável / menor prioridade,False,False,Elegível
RA-784,2,2,0,Sem defasagem,8.75,9.7727272725,8.002,5.635,9.375,9.4,8.8857454545,Topázio,0.17062285473910546,972,7.87,184,1.08,Reduzida,Estável / menor prioridade,False,False,Elegível
RA-171,6,2,-1,Com defasagem,8.333333333333334,7.833333333333333,7.5,5.635,7.625,7.598,7.328933333333333,Ametista,0.1688996995437754,973,7.78,13,52.0,Moderada,Atenção atual,False,False,Elegível
RA-1632,6,0,0,Sem defasagem,6.666666666666667,10.0,9.168,7.51,7.75,8.066,8.389333333333335,Topázio,0.1685892320156718,974,7.69,14,48.0,Reduzida,Estável / menor prioridade,False,False,Elegível
RA-76,7,3,2,Sem defasagem,7.066666666666666,9.0,10.002,6.885,7.5,7.5,8.152033333333334,Topázio,0.16702870737979877,975,7.59,14,64.86,Moderada,Estável / menor prioridade,False,False,Elegível
RA-1627,6,0,-1,Com defasagem,7.833333333333333,7.777777777666667,7.083,7.51,7.65625,8.172,7.481547222200001,Ametista,0.16630858011202823,976,7.5,15,44.0,Reduzida,Atenção atual,False,False,Elegível
RA-80,7,3,0,Sem defasagem,7.0,7.8961292116666675,8.751,8.13,8.75,7.946666667,8.131659175733333,Topázio,0.1649004829852397,977,7.4,15,62.16,Moderada,Estável / menor prioridade,False,False,Elegível
RA-1604,5,0,-1,Com defasagem,8.5,7.777777778,9.168,7.51,8.125,8.88,8.0118555556,Topázio,0.16321136989025578,978,7.31,71,30.0,Reduzida,Atenção atual,False,False,Elegível
RA-278,5,3,1,Sem defasagem,9.333333333333334,9.855072463666666,9.168,7.51,8.125,7.946666667,8.907314492800001,Topázio,0.16159302364848563,979,7.21,72,29.0,Reduzida,Estável / menor prioridade,False,False,Elegível
RA-112,6,3,0,Sem defasagem,8.0,7.978174603333333,7.083,7.51,7.96875,8.004,8.052609920666667,Topázio,0.16030838480836004,980,7.12,16,40.0,Reduzida,Estável / menor prioridade,False,False,Elegível
RA-416,4,3,1,Sem defasagem,8.0,8.972709551666666,8.751,7.51,8.541666667,9.13,8.700808577033333,Topázio,0.16020167194670026,981,7.02,105,9.57,Reduzida,Estável / menor prioridade,False,False,Elegível
RA-419,4,3,1,Sem defasagem,8.166666666666666,9.382456140666669,7.083,6.26,8.020833333,8.5475,8.355707894766669,Topázio,0.1593213139837325,982,6.93,106,8.7,Reduzida,Estável / menor prioridade,False,False,Elegível
RA-612,2,3,0,Sem defasagem,9.75,9.5454545455,8.002,6.26,9.6875,9.4,9.1340409091,Topázio,0.1592810896885696,983,6.83,185,0.54,Reduzida,Estável / menor prioridade,False,False,Elegível
RA-1622,5,0,-1,Com defasagem,9.666666666666666,10.0,8.334,7.51,8.333333333,7.89,8.429066666633334,Topázio,0.15847706292094144,984,6.74,73,28.0,Reduzida,Atenção atual,False,False,Elegível
RA-1214,7,1,0,Sem defasagem,8.0,9.081527348,10.002,8.13,8.28125,7.663333333,8.5902971362,Topázio,0.1574160270034974,985,6.64,16,59.46,Moderada,Estável / menor prioridade,False,False,Elegível
RA-81,6,3,0,Sem defasagem,7.5,9.333333333333334,9.168,6.26,7.875,7.798,8.256566666666668,Topázio,0.15686184571502126,986,6.55,17,36.0,Reduzida,Estável / menor prioridade,False,False,Elegível
RA-241,7,3,2,Sem defasagem,6.816666666666667,9.891666667,10.002,7.1975,7.5,7.5,8.311616666733334,Topázio,0.15587010039869187,987,6.45,17,56.76,Moderada,Estável / menor prioridade,False,False,Elegível
RA-316,5,2,0,Sem defasagem,8.0,10.0,9.168,7.51,7.65625,8.3775,8.708925,Topázio,0.15555117650094233,988,6.36,74,27.0,Reduzida,Estável / menor prioridade,False,False,Elegível
RA-326,4,2,1,Sem defasagem,9.333333333333334,8.973112128333334,9.168,6.26,8.875,8.704,8.832389092333335,Topázio,0.15405779819694654,989,6.26,107,7.83,Reduzida,Estável / menor prioridade,False,False,Elegível
RA-127,5,2,0,Sem defasagem,7.833333333333333,9.488636363666666,8.751,7.51,7.625,8.538,8.5605939394,Topázio,0.1540161702126818,990,6.17,75,26.0,Reduzida,Estável / menor prioridade,False,False,Elegível
RA-557,3,3,0,Sem defasagem,9.666666666666666,8.756265663999999,10.002,7.51,10.0,9.576,9.350986466133334,Topázio,0.1537831561066318,991,6.07,209,1.42,Reduzida,Estável / menor prioridade,False,False,Elegível
RA-189,5,3,0,Sem defasagem,8.166666666666666,10.0,10.002,6.255,6.875,8.2,8.586533333333334,Topázio,0.15127874564015006,992,5.98,76,25.0,Reduzida,Estável / menor prioridade,False,False,Elegível
RA-291,7,2,2,Sem defasagem,6.166666666666667,9.737666667,8.751,6.26,7.5,7.5,7.931966666733333,Ametista,0.15085929741548182,993,5.88,18,54.05,Moderada,Estável / menor prioridade,False,False,Elegível
RA-237,5,2,-1,Com defasagem,7.666666666666667,9.689754689666666,8.751,6.26,7.916666667,8.336666667,7.931384271366667,Ametista,0.15009026662704172,994,5.79,77,24.0,Reduzida,Atenção atual,False,False,Elegível
RA-86,7,3,0,Sem defasagem,5.483333333333333,9.704333333,6.667,6.57,7.5,7.5,7.611233333266666,Ametista,0.14779097583273593,995,5.69,19,51.35,Moderada,Estável / menor prioridade,False,False,Elegível
RA-90,7,3,2,Sem defasagem,8.066666666666666,9.0,10.002,6.885,7.5,7.5,8.352033333333335,Topázio,0.1446429423527222,996,5.6,20,48.65,Reduzida,Estável / menor prioridade,False,False,Elegível
RA-175,6,3,-1,Com defasagem,8.5,9.473684210666669,10.002,6.26,7.5,7.766,8.024136842133334,Topázio,0.14243379085334232,997,5.5,18,32.0,Reduzida,Atenção atual,False,False,Elegível
RA-52,7,3,2,Sem defasagem,7.216666666666666,9.437666667,8.751,6.885,7.5,7.5,8.144466666733333,Topázio,0.1411833795304861,998,5.41,21,45.95,Reduzida,Estável / menor prioridade,False,False,Elegível
RA-1579,4,2,-2,Com defasagem,7.166666666666667,9.090261887,8.751,5.635,8.5,9.272,7.894385710733333,Ametista,0.13897112210384174,999,5.31,108,6.96,Reduzida,Atenção atual,False,False,Elegível
RA-425,4,2,0,Sem defasagem,9.0,10.0,10.002,6.26,8.229166667,8.8375,9.0166166667,Topázio,0.13509271778487622,1000,5.22,109,6.09,Reduzida,Estável / menor prioridade,False,False,Elegível
RA-172,7,3,1,Sem defasagem,6.933333333333334,9.8,8.751,6.57,7.5,7.5,8.128766666666667,Topázio,0.13455593160159227,1001,5.12,22,43.24,Reduzida,Estável / menor prioridade,False,False,Elegível
RA-269,7,2,2,Sem defasagem,8.200000000000001,9.6,9.168,7.505,7.5,7.5,8.4773,Topázio,0.1337457898452665,1002,5.03,23,40.54,Reduzida,Estável / menor prioridade,False,False,Elegível
RA-277,7,3,2,Sem defasagem,6.9,9.741666667,8.334,6.5725,7.5,7.5,8.0689833334,Topázio,0.13288141904877304,1003,4.93,24,37.84,Reduzida,Estável / menor prioridade,False,False,Elegível
RA-250,4,2,0,Sem defasagem,9.166666666666666,9.629629629666669,9.168,6.88,8.958333333,8.95,9.049892592566668,Topázio,0.13276627728225138,1004,4.84,110,5.22,Reduzida,Estável / menor prioridade,False,False,Elegível
RA-48,7,3,0,Sem defasagem,7.5,8.339076859,7.917,9.375,8.59375,8.23,8.402390371800001,Topázio,0.13225799882186137,1005,4.74,25,35.14,Reduzida,Estável / menor prioridade,False,False,Elegível
RA-180,5,3,2,Sem defasagem,8.5,9.431818181666666,9.168,7.51,8.125,8.674,8.801463636333335,Topázio,0.13112626943007658,1006,4.65,78,23.0,Reduzida,Estável / menor prioridade,False,False,Elegível
RA-1201,5,1,-1,Com defasagem,9.0,9.523809523666666,8.751,7.51,8.333333333,8.56,8.376195238033333,Topázio,0.13078749286529562,1007,4.55,79,22.0,Reduzida,Atenção atual,False,False,Elegível
RA-191,7,3,2,Sem defasagem,6.4,9.571,7.5,5.945,7.5,7.5,7.7887,Ametista,0.13043569362012108,1008,4.46,26,32.43,Reduzida,Estável / menor prioridade,False,False,Elegível
RA-1626,6,0,0,Sem defasagem,7.333333333333333,9.696969697,8.751,7.51,8.28125,8.404,8.541085606066668,Topázio,0.13003838587742425,1009,4.36,19,28.0,Reduzida,Estável / menor prioridade,False,False,Elegível
RA-1631,6,0,-1,Com defasagem,7.166666666666667,10.0,9.585,7.51,8.5,8.468,8.186433333333333,Topázio,0.12941271559068682,1010,4.27,20,24.0,Reduzida,Atenção atual,False,False,Elegível
RA-187,4,3,0,Sem defasagem,7.833333333333333,9.537037037,8.751,5.635,8.4375,9.06,8.568424074066666,Topázio,0.12870176484419238,1011,4.17,111,4.35,Reduzida,Estável / menor prioridade,False,False,Elegível
RA-242,7,3,2,Sem defasagem,7.650000000000001,9.621,9.585,6.26,7.5,7.5,8.2887,Topázio,0.12720385694085773,1012,4.08,27,29.73,Reduzida,Estável / menor prioridade,False,False,Elegível
RA-193,5,3,1,Sem defasagem,7.0,9.848484848333332,8.751,6.26,8.4375,8.7525,8.465046969666668,Topázio,0.12530352452051274,1013,3.98,80,21.0,Reduzida,Estável / menor prioridade,False,False,Elegível
RA-186,5,3,1,Sem defasagem,7.166666666666667,9.640151515,7.917,6.26,8.125,8.672,8.325963636333334,Topázio,0.12517057179857466,1014,3.89,81,20.0,Reduzida,Estável / menor prioridade,False,False,Elegível
RA-132,6,3,0,Sem defasagem,8.333333333333334,8.380952380666665,8.334,7.51,8.59375,8.44,8.4746321428,Topázio,0.1222764337988853,1015,3.8,21,20.0,Reduzida,Estável / menor prioridade,False,False,Elegível
RA-1621,5,0,-1,Com defasagem,8.333333333333334,10.0,7.917,6.26,8.333333333,8.446666667,8.107033333366667,Topázio,0.12142203905888595,1016,3.7,82,19.0,Reduzida,Atenção atual,False,False,Elegível
RA-110,5,3,0,Sem defasagem,8.5,9.696969697,9.168,6.255,7.5,8.504,8.6324939394,Topázio,0.12108886725775511,1017,3.61,83,18.0,Reduzida,Estável / menor prioridade,False,False,Elegível
RA-93,7,3,1,Sem defasagem,7.483333333333333,9.931666667,9.168,6.2575,7.5,7.5,8.275550000066668,Topázio,0.12072583902643827,1018,3.51,28,27.03,Reduzida,Estável / menor prioridade,False,False,Elegível
RA-176,5,3,1,Sem defasagem,8.833333333333334,9.545454545333332,9.585,6.26,8.59375,8.545,8.828632575733334,Topázio,0.1185969946388946,1019,3.42,84,17.0,Reduzida,Estável / menor prioridade,False,False,Elegível
RA-245,7,3,2,Sem defasagem,8.033333333333333,9.953333333,9.168,6.885,7.5,7.5,8.452633333266668,Topázio,0.11839918506388615,1020,3.32,29,24.32,Reduzida,Estável / menor prioridade,False,False,Elegível
RA-98,7,3,1,Sem defasagem,8.9,9.546,9.585,7.1975,7.5,7.5,8.617450000000002,Topázio,0.11791441476953389,1021,3.23,30,21.62,Reduzida,Estável / menor prioridade,False,False,Elegível
RA-166,7,3,1,Sem defasagem,8.266666666666667,9.246,8.334,6.5725,7.5,7.5,8.243183333333334,Topázio,0.11730702490647417,1022,3.13,31,18.92,Reduzida,Estável / menor prioridade,False,False,Elegível
RA-418,4,3,1,Sem defasagem,9.333333333333334,10.0,8.751,7.51,8.229166667,9.0475,9.125183333366667,Topázio,0.11724554862717726,1023,3.04,112,3.48,Reduzida,Estável / menor prioridade,False,False,Elegível
RA-94,6,3,0,Sem defasagem,8.0,9.666666666666666,10.002,6.26,8.375,8.2,8.637033333333335,Topázio,0.1169116227762411,1024,2.94,22,16.0,Reduzida,Estável / menor prioridade,False,False,Elegível
RA-146,5,2,-2,Com defasagem,9.333333333333334,9.514316093333331,8.751,5.635,7.65625,8.304,8.134554885333333,Topázio,0.11503037420299257,1025,2.85,85,16.0,Reduzida,Atenção atual,False,False,Elegível
RA-196,5,3,1,Sem defasagem,8.0,9.689754689666666,8.751,7.51,8.75,8.9225,8.823550937933334,Topázio,0.1148171778998335,1026,2.75,86,15.0,Reduzida,Estável / menor prioridade,False,False,Elegível
RA-1178,5,1,-1,Com defasagem,8.333333333333334,9.682539682666668,8.751,6.26,7.5,8.696,8.0934746032,Topázio,0.11439075934651531,1027,2.66,87,14.0,Reduzida,Atenção atual,False,False,Elegível
RA-1199,5,1,-2,Com defasagem,9.0,8.571428571333334,7.5,5.005,6.5625,8.466,7.614235714266666,Ametista,0.11352256240442458,1028,2.56,88,13.0,Reduzida,Atenção atual,False,False,Elegível
RA-1153,4,3,-1,Com defasagem,8.5,9.702380952333334,8.751,5.635,8.75,9.074,8.268876190466667,Topázio,0.11252597527547308,1029,2.47,113,2.61,Reduzida,Atenção atual,False,False,Elegível
RA-111,5,3,0,Sem defasagem,8.333333333333334,9.488636363666666,9.168,6.26,8.125,8.74,8.667693939400001,Topázio,0.11248055053871746,1030,2.37,89,12.0,Reduzida,Estável / menor prioridade,False,False,Elegível
RA-274,5,3,2,Sem defasagem,9.333333333333334,9.648148148,8.334,5.635,8.125,8.226666667,8.651029629666667,Topázio,0.11152724760339533,1031,2.28,90,11.0,Reduzida,Estável / menor prioridade,False,False,Elegível
RA-184,5,3,1,Sem defasagem,8.166666666666666,8.696741854666667,8.751,6.26,7.96875,9.004,8.471456704266666,Topázio,0.10985679570455084,1032,2.18,91,10.0,Reduzida,Estável / menor prioridade,False,False,Elegível
RA-119,7,3,1,Sem defasagem,7.366666666666667,9.983333333,7.083,6.57,7.5,7.5,8.085299999933333,Topázio,0.10979025601575886,1033,2.09,32,16.22,Reduzida,Estável / menor prioridade,False,False,Elegível
RA-244,5,3,1,Sem defasagem,9.5,10.0,7.5,6.26,8.125,8.17,8.7225,Topázio,0.10730391552761305,1034,1.99,92,9.0,Reduzida,Estável / menor prioridade,False,False,Elegível
RA-64,7,3,0,Sem defasagem,8.166666666666666,8.980785296666667,10.002,8.135,8.4375,8.283333333,8.743607059266667,Topázio,0.10528833659708525,1035,1.9,33,13.51,Reduzida,Estável / menor prioridade,False,False,Elegível
RA-1630,6,0,0,Sem defasagem,7.333333333333333,9.833333333333334,8.334,7.51,8.25,8.702,8.583133333333334,Topázio,0.10464651675360251,1036,1.8,23,12.0,Reduzida,Estável / menor prioridade,False,False,Elegível
RA-279,5,3,1,Sem defasagem,9.333333333333334,10.0,9.168,7.51,8.333333333,8.726666667,9.113133333366669,Topázio,0.10244851663040355,1037,1.71,93,8.0,Reduzida,Estável / menor prioridade,False,False,Elegível
RA-1081,4,1,0,Sem defasagem,8.833333333333334,9.523809523666666,6.667,5.005,9.166666667,8.95,8.5452952381,Topázio,0.10118241840508985,1038,1.61,114,1.74,Reduzida,Estável / menor prioridade,False,False,Elegível
RA-167,6,3,-1,Com defasagem,8.166666666666666,9.473684210666669,8.751,6.26,8.375,8.334,8.033470175466666,Topázio,0.10029964630028824,1039,1.52,24,8.0,Reduzida,Atenção atual,False,False,Elegível
RA-45,7,3,0,Sem defasagem,8.0,9.619047619,7.5,9.38,8.75,8.283333333,8.743476190400001,Topázio,0.09411591439768162,1040,1.42,34,10.81,Reduzida,Estável / menor prioridade,False,False,Elegível
RA-1203,6,1,0,Sem defasagem,9.0,9.649122807,9.168,7.51,8.375,8.572,8.9495245614,Topázio,0.09273606535056239,1041,1.33,25,4.0,Reduzida,Estável / menor prioridade,False,False,Elegível
RA-195,5,3,1,Sem defasagem,7.833333333333333,9.682539682666668,7.5,6.26,7.96875,8.965,8.4690496032,Topázio,0.09248710335258842,1042,1.23,94,7.0,Reduzida,Estável / menor prioridade,False,False,Elegível
RA-197,5,3,0,Sem defasagem,8.333333333333334,9.848484848333332,7.5,6.26,7.96875,8.795,8.568238636333334,Topázio,0.09189542354957053,1043,1.14,95,6.0,Reduzida,Estável / menor prioridade,False,False,Elegível
RA-229,5,2,1,Sem defasagem,8.833333333333334,9.841269841333334,9.585,5.635,8.28125,8.8375,8.852545634933334,Topázio,0.09171424075325092,1044,1.04,96,5.0,Reduzida,Estável / menor prioridade,False,False,Elegível
RA-1176,5,1,1,Sem defasagem,9.166666666666666,9.682539682666668,8.751,6.26,8.59375,8.9225,8.914816269866666,Topázio,0.08841687240796528,1045,0.95,97,4.0,Reduzida,Estável / menor prioridade,False,False,Elegível
RA-280,5,3,1,Sem defasagem,9.333333333333334,9.855072463666666,7.917,6.26,8.333333333,8.67,8.822714492700001,Topázio,0.08694439695986664,1046,0.85,98,3.0,Reduzida,Estável / menor prioridade,False,False,Elegível
RA-103,5,3,0,Sem defasagem,9.166666666666666,9.603174603333336,8.334,6.26,7.875,8.872,8.775268254,Topázio,0.08510620812384835,1047,0.76,99,2.0,Reduzida,Estável / menor prioridade,False,False,Elegível
RA-1151,4,1,1,Sem defasagem,9.0,9.722222222333334,7.5,5.635,8.125,9.393333333,8.749111111066668,Topázio,0.08366761626499615,1048,0.66,115,0.87,Reduzida,Estável / menor prioridade,False,False,Elegível
RA-157,5,3,1,Sem defasagem,9.666666666666666,10.0,8.334,6.26,8.125,8.726666667,8.950566666733334,Topázio,0.08018505727270246,1049,0.57,100,1.0,Reduzida,Estável / menor prioridade,False,False,Elegível
RA-58,7,3,0,Sem defasagem,7.333333333333333,9.824561403666666,9.585,7.51,9.0625,8.62,8.7713289474,Topázio,0.07778653266124691,1050,0.47,35,8.11,Reduzida,Estável / menor prioridade,False,False,Elegível
RA-578,3,3,1,Sem defasagem,9.833333333333334,10.0,10.002,2.51,9.583333333,9.45,9.066199999966669,Topázio,0.07709837293023626,1051,0.38,210,0.95,Reduzida,Estável / menor prioridade,False,False,Elegível
RA-56,7,3,0,Sem defasagem,7.666666666666667,9.265350877333333,10.002,10.0,8.4375,9.233333333,9.0770201754,Topázio,0.07672202380329925,1052,0.28,36,5.41,Reduzida,Estável / menor prioridade,False,False,Elegível
RA-479,3,3,1,Sem defasagem,9.666666666666666,9.866666666666667,9.168,2.51,9.375,9.45,8.901966666666668,Topázio,0.07642998029544716,1053,0.19,211,0.47,Reduzida,Estável / menor prioridade,False,False,Elegível
RA-87,7,3,1,Sem defasagem,9.166666666666666,9.649122807,8.751,9.375,9.375,9.623333333,9.437924561333332,Topázio,0.038029037640986155,1054,0.09,37,2.7,Reduzida,Estável / menor prioridade,False,False,Elegível
